pearson,spearman,hard_jaccard,easy_jaccard,n_items
0.36382032469050635,0.3990514877375262,0.13513513513513514,0.23529411764705882,107
0.41350238827538527,0.45561764567199775,0.13513513513513514,0.2,106
0.4126342118386542,0.43770014669290014,0.14285714285714285,0.25,99
0.3643505380736504,0.4384913155420589,0.13513513513513514,0.3125,106
0.46140065305989036,0.502879715430578,0.10526315789473684,0.23529411764705882,107
0.47622908385264695,0.49700972241237423,0.23529411764705882,0.2727272727272727,104
0.2765001816896324,0.31243014054643203,0.10526315789473684,0.16666666666666666,104
0.4677074922481425,0.4931199346352302,0.1282051282051282,0.2571428571428571,108
0.4014416536400576,0.4559186183386674,0.2,0.2727272727272727,107
0.40702020264272415,0.43041149751662144,0.1891891891891892,0.2222222222222222,108
0.5049822181991522,0.5373427387730363,0.2,0.2727272727272727,105
0.3581652834266149,0.3747204081579995,0.16666666666666666,0.23529411764705882,107
0.41634176082043095,0.4356592745840544,0.13513513513513514,0.2,104
0.38389192477691964,0.41030892849291234,0.1891891891891892,0.1891891891891892,109
0.4798384975550319,0.4945178836400793,0.16666666666666666,0.23529411764705882,105
0.3441813336093603,0.36595992529565613,0.13513513513513514,0.16666666666666666,106
0.3664702960040944,0.39693269564748734,0.15789473684210525,0.2571428571428571,109
0.35899875317812,0.39209268012657444,0.13513513513513514,0.16666666666666666,106
0.3422998927074302,0.3631455076950656,0.10526315789473684,0.23529411764705882,107
0.36210901920555105,0.3867442424160297,0.2,0.23529411764705882,105
0.43498995158614584,0.4547251887523093,0.13513513513513514,0.23529411764705882,105
0.4365207130428372,0.4794377395654959,0.23529411764705882,0.23529411764705882,107
0.39988465671211754,0.4289132240559632,0.13513513513513514,0.2727272727272727,107
0.39190871947273,0.44524686110704276,0.10526315789473684,0.23529411764705882,105
0.45634640212857885,0.47580175919737416,0.13513513513513514,0.2,106
0.4175050330069572,0.43189070849389144,0.10526315789473684,0.16666666666666666,107
0.5495605296462012,0.6090707411362428,0.2571428571428571,0.375,108
0.47865689242100046,0.4769176873198257,0.16666666666666666,0.16666666666666666,106
0.34947286362777075,0.38117328488773317,0.1111111111111111,0.25,102
0.43154919903637345,0.44898220308141157,0.1282051282051282,0.3333333333333333,108
0.38189726758211695,0.42043084077524356,0.1111111111111111,0.25,101
0.3764526786358053,0.38838326416588503,0.23529411764705882,0.23529411764705882,103
0.4090343439646317,0.44645520250831094,0.15789473684210525,0.2222222222222222,108
0.35902079367511364,0.3810976177603644,0.07692307692307693,0.2,106
0.3208648106648321,0.3400520511618537,0.1282051282051282,0.2571428571428571,108
0.4363728612975643,0.4443351596408885,0.15789473684210525,0.2222222222222222,109
0.5138752309699309,0.5216710445985511,0.2,0.23529411764705882,107
0.5042798338169684,0.5592896152911252,0.16666666666666666,0.3548387096774194,107
0.35052952933484166,0.39287890042367624,0.1111111111111111,0.21212121212121213,101
0.5206048807769288,0.5704146260116696,0.16666666666666666,0.4,106
0.32269963106214006,0.3230603704286686,0.10526315789473684,0.2,106
0.33618443677410376,0.35191730951972755,0.07692307692307693,0.2,105
0.35377402450831763,0.3736832787845297,0.1282051282051282,0.2222222222222222,109
0.4818535082572892,0.5034774534452415,0.23529411764705882,0.23529411764705882,103
0.4664924580136704,0.47451909595723274,0.23529411764705882,0.23529411764705882,105
0.4582496081075667,0.49892729332096913,0.16666666666666666,0.2727272727272727,106
0.37397487545139285,0.38469861580932635,0.1282051282051282,0.2222222222222222,108
0.4290212675665415,0.4555936400782334,0.13513513513513514,0.23529411764705882,107
0.3529945077410533,0.38088553667326314,0.13513513513513514,0.2727272727272727,104
0.42382806748515484,0.4734578432222431,0.2,0.16666666666666666,107
0.3400003204350684,0.3470036954671283,0.16666666666666666,0.16666666666666666,106
0.3815965686376925,0.41130162517768154,0.1,0.2222222222222222,108
0.41022970845618467,0.455624585902611,0.2,0.3125,107
0.3546376141787119,0.3795956196922012,0.10526315789473684,0.16666666666666666,106
0.3210767385801762,0.3750001220486906,0.1,0.3333333333333333,108
0.4749823578357952,0.4981513917529247,0.16666666666666666,0.3548387096774194,107
0.42133672543244344,0.42728884765786446,0.16666666666666666,0.16666666666666666,104
0.4023830826479475,0.4071321931905279,0.13513513513513514,0.23529411764705882,104
0.43270272272877935,0.45522603565219183,0.2,0.2,107
0.4552199832467366,0.49415168798604286,0.07692307692307693,0.2727272727272727,106
0.3960453740024615,0.4221507619777702,0.15789473684210525,0.2222222222222222,109
0.42322499086729093,0.43752950525445505,0.13513513513513514,0.23529411764705882,107
0.3711866762583644,0.3908989398819852,0.16666666666666666,0.2727272727272727,104
0.3351428636524435,0.35935529065148414,0.1,0.2222222222222222,108
0.444204320708252,0.4927873922045442,0.13513513513513514,0.2,106
0.3479987537899416,0.40491285780351244,0.10526315789473684,0.2727272727272727,105
0.4524849666253958,0.4877755755410152,0.2571428571428571,0.2222222222222222,109
0.3363106693232453,0.3619086960963445,0.10526315789473684,0.23529411764705882,106
0.3218415371363944,0.3370979839132316,0.13513513513513514,0.2,105
0.5145189819001127,0.5382802164127168,0.23529411764705882,0.3125,107
0.4163465616824439,0.45702850614405377,0.16666666666666666,0.13513513513513514,106
0.3020348296884045,0.3318245493718749,0.10526315789473684,0.23529411764705882,104
0.4543145288122968,0.5226885996336388,0.16666666666666666,0.3125,103
0.4102226286775521,0.4422043949251741,0.10526315789473684,0.3125,106
0.390645163761151,0.4149696456971618,0.10526315789473684,0.2727272727272727,107
0.4777423357673027,0.48173533898101334,0.15789473684210525,0.2571428571428571,109
0.4095547452412739,0.43553136088983185,0.2,0.23529411764705882,105
0.3040344789404327,0.3307119579508751,0.13513513513513514,0.23529411764705882,107
0.4191937106110224,0.44573523941896426,0.16666666666666666,0.2,103
0.3153811784394378,0.3563890907269074,0.16666666666666666,0.23529411764705882,107
0.3825876567416132,0.42057914158271803,0.1282051282051282,0.2222222222222222,108
0.46287050988017286,0.5026630340441992,0.16666666666666666,0.2,105
0.4130054823238308,0.44352898326299006,0.23529411764705882,0.16666666666666666,107
0.36428395329035423,0.4037472292728808,0.10526315789473684,0.3125,105
0.3112101599888633,0.34707711841277317,0.10526315789473684,0.2727272727272727,105
0.5117111348203935,0.5410090895763437,0.1282051282051282,0.375,108
0.45576931299174234,0.47889361676007725,0.13513513513513514,0.2727272727272727,103
0.519845909124137,0.5399494488003691,0.15789473684210525,0.29411764705882354,108
0.40145130616458824,0.41565673525948565,0.13513513513513514,0.3125,103
0.48707760815829837,0.4882652678054704,0.2,0.23529411764705882,107
0.3533338224880003,0.3986181802384155,0.2,0.2727272727272727,106
0.3928274936261358,0.40723824298906885,0.1,0.29411764705882354,108
0.35667174727062173,0.3834324849345983,0.2222222222222222,0.15789473684210525,108
0.36027539666912994,0.4057242829107703,0.13513513513513514,0.2,106
0.35286561128466587,0.37918251194904995,0.1111111111111111,0.25,102
0.46653545427564586,0.49558279126746724,0.2,0.16666666666666666,107
0.4679137745344151,0.46130375605683255,0.13513513513513514,0.2727272727272727,105
0.23724217397607342,0.279159442099216,0.10526315789473684,0.16666666666666666,107
0.4035544399053304,0.4235940492527952,0.13513513513513514,0.23529411764705882,107
0.4419995217904283,0.46077995002877675,0.10526315789473684,0.23529411764705882,107
0.49081237501562264,0.5286785878244273,0.2,0.3548387096774194,106
0.4429766775655867,0.4705451622504363,0.13513513513513514,0.23529411764705882,106
0.466087743382557,0.47448230935938335,0.16666666666666666,0.23529411764705882,107
0.30906880762955935,0.3661414016306947,0.10526315789473684,0.23529411764705882,107
0.44945658846532793,0.484234856946758,0.10526315789473684,0.3125,105
0.27290242355773786,0.33722309163008385,0.16666666666666666,0.2,105
0.46449195323589637,0.4862632529353231,0.2,0.3125,107
0.4209945361936847,0.44010117781724434,0.13513513513513514,0.2,105
0.4389303374953524,0.48192629141050897,0.10526315789473684,0.3125,103
0.3710084014429331,0.41231142434574836,0.16666666666666666,0.23529411764705882,105
0.34786966839347633,0.36739565583499373,0.10526315789473684,0.2,107
0.4231888638458159,0.4423844036891559,0.2727272727272727,0.23529411764705882,104
0.39315008884070224,0.42043962288775555,0.1891891891891892,0.15789473684210525,109
0.3941577102514713,0.4227676014108433,0.13513513513513514,0.2727272727272727,103
0.4396875954186167,0.45390218616841566,0.16666666666666666,0.23529411764705882,106
0.2913065000597384,0.329899923206381,0.05,0.23529411764705882,106
0.43009902523165905,0.45533311438899454,0.16666666666666666,0.23529411764705882,107
0.3598145952818143,0.3860384151163515,0.1,0.2571428571428571,109
0.3843422393296957,0.40466678556668856,0.2,0.16666666666666666,106
0.3130669926827216,0.3548762060216007,0.1,0.1891891891891892,109
0.3328351714266779,0.374492207962897,0.13513513513513514,0.23529411764705882,106
0.42060454782590806,0.4321928575719282,0.13513513513513514,0.13513513513513514,107
0.40341963764004474,0.4444717480289036,0.15789473684210525,0.2222222222222222,108
0.5022936501297002,0.538044065547956,0.23529411764705882,0.23529411764705882,105
0.28755188153733546,0.32768012647843947,0.1,0.29411764705882354,109
0.43872777437325894,0.43214619847929586,0.16666666666666666,0.2,106
0.4312423579217796,0.4483862754092034,0.17647058823529413,0.21212121212121213,102
0.27355487591762967,0.2883271420867866,0.1282051282051282,0.15789473684210525,108
0.3087576028675189,0.30225288078971685,0.10526315789473684,0.16666666666666666,105
0.3960648530530365,0.4415292949645047,0.1,0.3333333333333333,108
0.45853027402142377,0.48006698170455736,0.15789473684210525,0.2222222222222222,108
0.39314108831204625,0.43712164692042227,0.1891891891891892,0.29411764705882354,108
0.3214826000059858,0.34839690868687123,0.10526315789473684,0.2,107
0.4639027010968279,0.5053725976163552,0.16666666666666666,0.2727272727272727,104
0.4127187388321792,0.43324855558023,0.16666666666666666,0.16666666666666666,103
0.3608946046175198,0.3826973052655027,0.13513513513513514,0.16666666666666666,106
0.39815939444293924,0.4723074811793585,0.13513513513513514,0.16666666666666666,106
0.41518970816673045,0.43888879725041374,0.10526315789473684,0.23529411764705882,107
0.3517823596332524,0.3885922586307357,0.13513513513513514,0.16666666666666666,103
0.479686550648511,0.48318550107921954,0.2,0.2,104
0.41489087246342093,0.4350826289891479,0.15789473684210525,0.2571428571428571,108
0.3800266491591948,0.38570073402021743,0.15789473684210525,0.2222222222222222,108
0.3966507885027367,0.43205845310585483,0.10526315789473684,0.16666666666666666,103
0.35585990026642383,0.3743162428908399,0.13513513513513514,0.16666666666666666,107
0.3743884045071231,0.4245206452104103,0.10526315789473684,0.23529411764705882,107
0.43608616860518773,0.44854700896193744,0.1891891891891892,0.2571428571428571,108
0.44951968555191624,0.493841303016953,0.07317073170731707,0.3333333333333333,108
0.36792440787661734,0.43584037329549635,0.13513513513513514,0.2727272727272727,107
0.46096808339762146,0.4838078260274938,0.16666666666666666,0.16666666666666666,106
0.35307878057476616,0.3810806514601106,0.16666666666666666,0.13513513513513514,106
0.46348541391684767,0.4883900040594989,0.16666666666666666,0.2,107
0.3700784080942762,0.4263983667041562,0.08108108108108109,0.21212121212121213,100
0.44930136568788714,0.4685024697938239,0.17647058823529413,0.25,99
0.34250652321603675,0.37877261438291815,0.13513513513513514,0.2,106
0.4342085131500225,0.44730602952842385,0.13513513513513514,0.2,105
0.38473133504099666,0.40301667906503036,0.1891891891891892,0.29411764705882354,108
0.36753301097514596,0.3919831331751996,0.10526315789473684,0.16666666666666666,106
0.41929617807318226,0.46922564413681483,0.15789473684210525,0.29411764705882354,108
0.3686598293019531,0.414741474527615,0.10526315789473684,0.23529411764705882,106
0.36295530636552303,0.3912463915304206,0.13513513513513514,0.2,106
0.4418126273719372,0.45373277832279524,0.13513513513513514,0.2,105
0.4057203694016561,0.45037732701018135,0.1282051282051282,0.2571428571428571,108
0.34559037418359323,0.370580747031933,0.10526315789473684,0.2,107
0.31486791246862567,0.3175947139896287,0.16666666666666666,0.16666666666666666,107
0.4718206309363873,0.506707014990932,0.2,0.23529411764705882,105
0.35092837425311035,0.3831543931303701,0.16666666666666666,0.2727272727272727,107
0.5158986878158367,0.5347585473442632,0.23529411764705882,0.3125,104
0.3791355850401237,0.3794662544180013,0.13513513513513514,0.16666666666666666,106
0.356628796602468,0.3633180420917174,0.14285714285714285,0.25,100
0.42729795502645124,0.45320798491721137,0.10526315789473684,0.3125,107
0.34588047808913686,0.38618943427966096,0.10526315789473684,0.2,107
0.4030429176173119,0.46084904145219163,0.13513513513513514,0.2727272727272727,106
0.47164475537456224,0.5136171302936351,0.16666666666666666,0.23529411764705882,103
0.457679895211699,0.48375919600783535,0.2,0.16666666666666666,107
0.33776333451680446,0.34212299370523724,0.16666666666666666,0.13513513513513514,106
0.2799086498390363,0.3125178615057043,0.15789473684210525,0.1891891891891892,108
0.33977822151193404,0.337997441491645,0.1891891891891892,0.1891891891891892,108
0.49287925759989565,0.509735521690413,0.1891891891891892,0.29411764705882354,108
0.41858716998024764,0.45548415732580333,0.2,0.2727272727272727,105
0.3644360001127936,0.3855795160102965,0.1,0.2222222222222222,108
0.38086578358090756,0.4121385169674603,0.16666666666666666,0.23529411764705882,106
0.430635133693592,0.47410219610977006,0.10526315789473684,0.23529411764705882,106
0.34594932826028874,0.3873775796626378,0.07317073170731707,0.2222222222222222,109
0.29797739290059605,0.32100925895189303,0.1282051282051282,0.2571428571428571,110
0.39351864995774416,0.41712598960696007,0.1282051282051282,0.2571428571428571,108
0.37918603283308644,0.4084027997831095,0.16666666666666666,0.16666666666666666,104
0.44525238091082686,0.4644844591357561,0.07692307692307693,0.23529411764705882,106
0.391041589154553,0.4501385876286673,0.10526315789473684,0.4,105
0.2991275996173163,0.31829264497962856,0.16666666666666666,0.2,107
0.3338674061683494,0.32828490588140424,0.10526315789473684,0.13513513513513514,107
0.41748662854789337,0.4438487113626009,0.21212121212121213,0.14285714285714285,101
0.4652899766798,0.47874912865388,0.2,0.3548387096774194,107
0.4692029395765089,0.51524170804454,0.2,0.2,104
0.3177245698850507,0.33914496034859665,0.15789473684210525,0.15789473684210525,109
0.42964226602605193,0.46687300441962903,0.13513513513513514,0.2,107
0.45932303178091766,0.47512859458876366,0.1891891891891892,0.2222222222222222,108
0.42837458159332936,0.421017199764654,0.2,0.16666666666666666,106
0.4230563408986429,0.47715900762925056,0.16666666666666666,0.23529411764705882,105
0.3555601362646424,0.38592546666786054,0.07317073170731707,0.2571428571428571,109
0.36048965636419283,0.38193415252737656,0.23529411764705882,0.16666666666666666,104
0.39090430378117463,0.4234090425827804,0.16666666666666666,0.23529411764705882,104
0.39244802472360424,0.45080712073133894,0.13513513513513514,0.2,103
0.27063355282348406,0.3211049038943345,0.05,0.2,106
0.4909477642259504,0.5222468352685208,0.23529411764705882,0.2727272727272727,106
0.2801024977189591,0.316337953447041,0.1,0.1891891891891892,108
0.4363294249985909,0.45393158900471153,0.2,0.23529411764705882,107
0.43177114787471343,0.4671167429088853,0.07317073170731707,0.2571428571428571,109
0.3592024345763319,0.38426359999717846,0.1282051282051282,0.1891891891891892,108
0.3214941068153393,0.3570130590602488,0.13513513513513514,0.16666666666666666,104
0.330989010726947,0.3585512987158809,0.16666666666666666,0.23529411764705882,106
0.34617635022819426,0.37049443757722944,0.05,0.23529411764705882,103
0.4595197026862399,0.49871893200236767,0.1282051282051282,0.29411764705882354,109
0.3990248429580459,0.4296872322762707,0.2,0.16666666666666666,104
0.47031519023615176,0.4986812294707015,0.15789473684210525,0.2571428571428571,108
0.3330187869766105,0.39565791355831265,0.17647058823529413,0.17647058823529413,102
0.4297789290489419,0.4645565957030062,0.13513513513513514,0.2,104
0.3832776968778702,0.4068514150436884,0.13513513513513514,0.2,107
0.3999039124747194,0.413971030770794,0.16666666666666666,0.2727272727272727,105
0.48250417322391614,0.4940493678159063,0.1891891891891892,0.3333333333333333,110
0.3173629094381181,0.32349746377563743,0.14285714285714285,0.14285714285714285,100
0.4672994049996898,0.4862933094492444,0.21212121212121213,0.17647058823529413,102
0.4907719847418718,0.49892625264502033,0.23529411764705882,0.23529411764705882,103
0.31338259507478355,0.3537004152371327,0.05263157894736842,0.25,102
0.3258132331472768,0.33069301671445445,0.1,0.15789473684210525,109
0.34074056364776617,0.38435983557180003,0.07692307692307693,0.23529411764705882,106
0.4075248485932745,0.4510364322260213,0.10526315789473684,0.2,107
0.4107747732553149,0.4666179407231064,0.13513513513513514,0.23529411764705882,106
0.40977462967877154,0.4325370281659928,0.15789473684210525,0.29411764705882354,109
0.4204149828566712,0.44190925261916053,0.1,0.2571428571428571,110
0.38210487548070793,0.40521937668000063,0.15789473684210525,0.15789473684210525,110
0.3041266073912995,0.3267921645630086,0.15789473684210525,0.1891891891891892,108
0.4234945372017961,0.4875512193510948,0.2,0.23529411764705882,105
0.32459288772273726,0.3363455631198105,0.13513513513513514,0.23529411764705882,107
0.4337342011461368,0.4557211904080345,0.13513513513513514,0.3125,106
0.41773937106727205,0.45384164799240073,0.15789473684210525,0.2571428571428571,108
0.31142381093975197,0.35255762586256656,0.13513513513513514,0.13513513513513514,107
0.36240668624297007,0.38059322139574864,0.16666666666666666,0.16666666666666666,106
0.406015604262098,0.4165574450255121,0.2,0.23529411764705882,104
0.41243948213141607,0.44736608430627356,0.23529411764705882,0.16666666666666666,106
0.38150598531456,0.40146273492467105,0.13513513513513514,0.16666666666666666,106
0.4288982365141615,0.4479084233992747,0.13513513513513514,0.23529411764705882,105
0.4439356144167557,0.4769059199175186,0.2,0.23529411764705882,104
0.3672896367056602,0.39396283630628814,0.10526315789473684,0.23529411764705882,107
0.3172304016931009,0.35875408135912407,0.07692307692307693,0.3125,105
0.3976530675873499,0.4196963677389364,0.1282051282051282,0.2222222222222222,110
0.4915146726584365,0.5145970940077967,0.15789473684210525,0.2571428571428571,109
0.3496737480295369,0.38689448096006956,0.10526315789473684,0.23529411764705882,107
0.42129841365009596,0.4715673366805782,0.05,0.23529411764705882,106
0.40293148106885074,0.4048671480301968,0.1282051282051282,0.2222222222222222,110
0.49736727889762816,0.5077377757889665,0.1891891891891892,0.375,108
0.41353702762590044,0.4429218923626441,0.16666666666666666,0.2727272727272727,105
0.4197568282175236,0.46337104138977286,0.1282051282051282,0.29411764705882354,109
0.43050747976082165,0.43882895058159455,0.2,0.16666666666666666,106
0.44211077513688196,0.4881896545161849,0.10526315789473684,0.2,107
0.3542534534100209,0.3873593203467026,0.13513513513513514,0.13513513513513514,106
0.376843366405424,0.3997773391588181,0.16666666666666666,0.23529411764705882,107
0.4353366899121998,0.45181104059155747,0.13513513513513514,0.2727272727272727,106
0.3660843216887999,0.384323463383176,0.10526315789473684,0.23529411764705882,106
0.4809255300079009,0.4982907247582979,0.13513513513513514,0.23529411764705882,106
0.37449881873615154,0.3911735068731578,0.10526315789473684,0.23529411764705882,107
0.46349240341440956,0.49386175809617067,0.15789473684210525,0.29411764705882354,108
0.3172681729888648,0.3177695558342464,0.13513513513513514,0.2,106
0.36976299942451435,0.39481029919747745,0.2,0.23529411764705882,106
0.4573415751074167,0.46816205112456954,0.15789473684210525,0.3333333333333333,109
0.2526764234009877,0.2838510463697124,0.1282051282051282,0.1891891891891892,108
0.4489953933884651,0.4710023982604144,0.2,0.2,106
0.412460123623439,0.4380948469448029,0.13513513513513514,0.2727272727272727,104
0.3593743061223515,0.37822541898089884,0.13513513513513514,0.2,104
0.41071321952675255,0.43601600854187245,0.23529411764705882,0.16666666666666666,105
0.27045303334971016,0.295277123932018,0.16666666666666666,0.16666666666666666,107
0.3262606380731435,0.3301653040782963,0.10526315789473684,0.2727272727272727,107
0.4780759771174678,0.5167842397646611,0.16666666666666666,0.23529411764705882,105
0.43499927548179373,0.45084446928852073,0.13513513513513514,0.2,107
0.3841549894634826,0.39810719126665894,0.13513513513513514,0.16666666666666666,106
0.3342926531275627,0.3558517382112052,0.1,0.2222222222222222,108
0.35814596163859175,0.38039409510660055,0.16666666666666666,0.2,103
0.3693108093375054,0.40028277905715587,0.10526315789473684,0.23529411764705882,107
0.3770958115682512,0.43516707842456204,0.07692307692307693,0.2,106
0.44752085718684603,0.4404702447662795,0.16666666666666666,0.2727272727272727,107
0.4204368634555938,0.46089530670006945,0.15789473684210525,0.29411764705882354,109
0.4452253488055308,0.4816501062053328,0.2,0.3548387096774194,106
0.4159536238541745,0.4483085785261303,0.1,0.1891891891891892,109
0.43549019300617053,0.4656327294468121,0.16666666666666666,0.16666666666666666,105
0.48347740543422685,0.496155634798404,0.23529411764705882,0.3548387096774194,107
0.4377877710076671,0.4590307533172514,0.16666666666666666,0.23529411764705882,106
0.4137519603449816,0.41533963630538867,0.15789473684210525,0.2222222222222222,109
0.42930352735972277,0.45280019711806546,0.2,0.2,107
0.3195629411949466,0.33677405069503497,0.16666666666666666,0.13513513513513514,104
0.5407068012921538,0.5685642956611063,0.16666666666666666,0.3125,105
0.4067379875042398,0.4194178877237269,0.1282051282051282,0.2571428571428571,108
0.3525930685637446,0.35423304519516396,0.13513513513513514,0.16666666666666666,104
0.4149857999882941,0.4423884658735651,0.10526315789473684,0.23529411764705882,107
0.41164704368711785,0.43135104622649567,0.10526315789473684,0.16666666666666666,106
0.3407741390317617,0.3517258782329915,0.1,0.1891891891891892,109
0.4378389764899467,0.46101827118645494,0.2222222222222222,0.1891891891891892,108
0.38627525860699763,0.4045904180595444,0.10526315789473684,0.23529411764705882,107
0.3760133069632411,0.3992592864315415,0.15789473684210525,0.15789473684210525,108
0.5227426656258627,0.5258410519155725,0.1891891891891892,0.29411764705882354,109
0.3350146084935868,0.3726269851487167,0.1891891891891892,0.1891891891891892,108
0.37254225411591385,0.3897995487316811,0.16666666666666666,0.2,107
0.415126067163219,0.4538082514408952,0.13513513513513514,0.23529411764705882,105
0.41367845811160575,0.45670975040395506,0.16666666666666666,0.2727272727272727,103
0.5717459219030211,0.579278360470258,0.23529411764705882,0.2727272727272727,106
0.4211124301905369,0.45762574258857047,0.16666666666666666,0.23529411764705882,106
0.41442507647580035,0.4378608914225657,0.13513513513513514,0.2727272727272727,105
0.25837895764089497,0.29903342136908345,0.1,0.2222222222222222,108
0.39576155051245243,0.39585843418168476,0.15789473684210525,0.2571428571428571,108
0.47777588981482977,0.4850092594576596,0.13513513513513514,0.3125,106
0.3795266346749978,0.4015032421352682,0.2,0.13513513513513514,107
0.4110539712480972,0.4291389814896513,0.2222222222222222,0.2222222222222222,108
0.44899218404182534,0.47879760966157064,0.1282051282051282,0.29411764705882354,109
0.23466553101649473,0.2523057352159323,0.05,0.10526315789473684,105
0.40563442361114094,0.437332121018738,0.16666666666666666,0.3125,106
0.3371002809497253,0.3686723771324606,0.1282051282051282,0.2222222222222222,108
0.4221250399227487,0.44819581093743954,0.16666666666666666,0.16666666666666666,107
0.36462810590552147,0.36344404293681204,0.07692307692307693,0.16666666666666666,104
0.49734697508845943,0.5116866832536006,0.16666666666666666,0.3125,107
0.37939995814398064,0.44685565047407166,0.10526315789473684,0.23529411764705882,106
0.36750360021134754,0.3942354163503652,0.10526315789473684,0.2,105
0.521881167296809,0.5575476026598589,0.2571428571428571,0.2571428571428571,108
0.3817532510786617,0.41401131586972806,0.1282051282051282,0.2571428571428571,109
0.37974991526189333,0.3825641986850827,0.10526315789473684,0.2727272727272727,106
0.3515652471821167,0.37809477840339445,0.16666666666666666,0.23529411764705882,107
0.47439098912646444,0.5043357507819094,0.2,0.3125,107
0.38674747021753986,0.40392702013476706,0.15789473684210525,0.29411764705882354,109
0.3707402204484949,0.41680089837139944,0.1,0.2222222222222222,109
0.4430797772097142,0.4718057121195178,0.07692307692307693,0.23529411764705882,106
0.3846609505942185,0.4278406927929096,0.2,0.23529411764705882,104
0.3824374952799425,0.4254813943883935,0.15789473684210525,0.2571428571428571,108
0.2806540372306756,0.3079271339340097,0.10526315789473684,0.2,107
0.3025822901380699,0.32702762305707767,0.07317073170731707,0.1891891891891892,109
0.3895720543461544,0.4075774774508895,0.13513513513513514,0.2,104
0.38127649571718825,0.4159504930647909,0.15789473684210525,0.2222222222222222,108
0.3870900275838943,0.4335305806684986,0.15789473684210525,0.2571428571428571,108
0.3407996493729237,0.34737110718723224,0.07692307692307693,0.2727272727272727,107
0.3781609717247155,0.43231771428699384,0.07692307692307693,0.2727272727272727,107
0.25191071945817367,0.2503482840254849,0.10526315789473684,0.16666666666666666,106
0.33200658961192625,0.35017252868847754,0.13513513513513514,0.13513513513513514,104
0.32370137842564145,0.3485539814255006,0.16666666666666666,0.16666666666666666,106
0.38759348894821166,0.4141112960188107,0.1282051282051282,0.1891891891891892,108
0.47094444879494207,0.4813689264389741,0.10526315789473684,0.2727272727272727,107
0.3606772587780091,0.39842177223252007,0.10526315789473684,0.2,104
0.39294505878756397,0.3998604620151028,0.16666666666666666,0.23529411764705882,104
0.402276421364099,0.402659136174219,0.1,0.15789473684210525,110
0.35912819422163517,0.39818304559952344,0.07692307692307693,0.2,107
0.4633693447715821,0.511092654417684,0.16666666666666666,0.3125,105
0.5030123885207114,0.5236647146469838,0.23529411764705882,0.23529411764705882,104
0.4233170009626974,0.4224463093126071,0.13513513513513514,0.3125,104
0.467485027002148,0.48980552455477755,0.10526315789473684,0.2,107
0.40924777572010984,0.42244690686585684,0.2,0.2,104
0.19954978035932408,0.231070665946113,0.1,0.1,108
0.47208320090747574,0.48805963203495295,0.1282051282051282,0.2571428571428571,109
0.282813160372852,0.324656138458521,0.15789473684210525,0.15789473684210525,109
0.46961863141311866,0.49765660808004303,0.1282051282051282,0.29411764705882354,108
0.40905054179953226,0.441425080093232,0.16666666666666666,0.23529411764705882,107
0.2964257874069125,0.31341440237801155,0.1282051282051282,0.2571428571428571,108
0.4501055365333385,0.47124647926689084,0.2222222222222222,0.2571428571428571,109
0.43556476799893884,0.4695893250522357,0.13513513513513514,0.2,104
0.28547747814315505,0.3047876256653613,0.1282051282051282,0.2222222222222222,108
0.4149948080105248,0.42198495389737845,0.16666666666666666,0.2727272727272727,107
0.5196684706472212,0.5873695275198826,0.2,0.2727272727272727,104
0.4263060163668881,0.4688673190033726,0.13513513513513514,0.23529411764705882,104
0.3726722622576312,0.3917711253864866,0.13513513513513514,0.23529411764705882,104
0.4470436854294495,0.46255194462353527,0.13513513513513514,0.23529411764705882,106
0.39730897686125327,0.42681361377821947,0.14285714285714285,0.17647058823529413,102
0.4590563681328796,0.4589575871031201,0.10526315789473684,0.23529411764705882,105
0.35366909348506664,0.39538913570799955,0.13513513513513514,0.23529411764705882,105
0.2911690674791044,0.3053406028401063,0.13513513513513514,0.16666666666666666,107
0.36591055449305443,0.41141535108099236,0.1,0.1891891891891892,108
0.3855001452597087,0.4222054050888237,0.16666666666666666,0.2727272727272727,105
0.3723409477271243,0.4143197232170209,0.13513513513513514,0.23529411764705882,104
0.40177476461617784,0.4297111242135024,0.15789473684210525,0.1891891891891892,108
0.4341977977721398,0.44058620127242837,0.23529411764705882,0.23529411764705882,106
0.40943152190630344,0.4296226008051088,0.10526315789473684,0.2,105
0.46371989046852485,0.4957280227399349,0.16666666666666666,0.3125,105
0.45176481316702627,0.4493818229043384,0.2,0.23529411764705882,107
0.40408940587457065,0.4195123182393888,0.1891891891891892,0.2571428571428571,108
0.33193505633755416,0.36639621501014574,0.10526315789473684,0.2727272727272727,103
0.2992394712478281,0.3197433185976016,0.1,0.15789473684210525,108
0.4221323685081078,0.43935962766996056,0.1111111111111111,0.3333333333333333,102
0.39820223446621006,0.4208464222554639,0.1891891891891892,0.15789473684210525,109
0.4147826896239204,0.4393067783768257,0.08108108108108109,0.2903225806451613,101
0.3691117639114643,0.3831563136532387,0.1891891891891892,0.1891891891891892,110
0.42099226281071556,0.4581483128282543,0.1,0.2571428571428571,108
0.30415584380726723,0.3231687905049383,0.16666666666666666,0.16666666666666666,107
0.442377586468651,0.46840120699367643,0.15789473684210525,0.2222222222222222,108
0.40836276373678676,0.44158361070714514,0.13513513513513514,0.2,106
0.426779093772021,0.43916734981043526,0.13513513513513514,0.2,106
0.42442510197086564,0.46653017082235115,0.15789473684210525,0.375,108
0.3564040780876679,0.37824218797204195,0.10526315789473684,0.2,106
0.5334600040118699,0.5589975819639761,0.2,0.16666666666666666,106
0.384565581097098,0.4033603377694633,0.2,0.23529411764705882,105
0.3543616084852695,0.39201567696579936,0.16666666666666666,0.16666666666666666,105
0.4551344453243232,0.46285051887207607,0.16666666666666666,0.23529411764705882,106
0.4418276082086082,0.4566645794972084,0.1891891891891892,0.2571428571428571,109
0.33056156748033977,0.33905400689714194,0.1282051282051282,0.2222222222222222,108
0.39580325221430696,0.4391284460321994,0.07692307692307693,0.3125,104
0.3897947227649132,0.4128580990769609,0.10526315789473684,0.23529411764705882,105
0.3913173439131761,0.4144890766299662,0.1282051282051282,0.2222222222222222,108
0.48144353215193464,0.5310894792435344,0.10526315789473684,0.3125,107
0.4430903331469215,0.4731410091755156,0.1891891891891892,0.29411764705882354,108
0.4081398994801237,0.41116937418880756,0.15789473684210525,0.2222222222222222,108
0.35728627643960265,0.39387466348685746,0.16666666666666666,0.3125,107
0.3976537860462498,0.41459957703845435,0.15789473684210525,0.29411764705882354,109
0.40021006554068594,0.4356647324501622,0.2222222222222222,0.2222222222222222,109
0.3423898881998535,0.3728456565677545,0.10526315789473684,0.16666666666666666,106
0.38280591323137614,0.409456292272413,0.1282051282051282,0.2571428571428571,108
0.3743168342338887,0.3880349140273492,0.1282051282051282,0.15789473684210525,108
0.47055143117177967,0.5054546684705302,0.16666666666666666,0.3548387096774194,106
0.4003474455687739,0.4414274845030687,0.2,0.2,104
0.4087624098872694,0.44803207820384877,0.1282051282051282,0.15789473684210525,109
0.34125430202605933,0.35866662911884695,0.07692307692307693,0.2,105
0.2881964258484804,0.3334177199967893,0.16666666666666666,0.2727272727272727,106
0.42572216110908345,0.43182608300140385,0.15789473684210525,0.29411764705882354,108
0.4120112390069163,0.444958962144172,0.1,0.2222222222222222,108
0.4437702752757222,0.46974855236773894,0.13513513513513514,0.23529411764705882,106
0.44855919971748315,0.4787367124758329,0.23529411764705882,0.3125,103
0.27820388001088703,0.2988106744410677,0.1282051282051282,0.29411764705882354,108
0.5136422448210829,0.561942509360503,0.16666666666666666,0.3548387096774194,105
0.3792515934694984,0.3864543593300403,0.16666666666666666,0.23529411764705882,106
0.38420464156280626,0.4230573702547828,0.2,0.16666666666666666,106
0.3740752562461001,0.40077358252276984,0.10526315789473684,0.2727272727272727,106
0.35334752101773514,0.38584579901457833,0.13513513513513514,0.23529411764705882,107
0.29350966967850417,0.3124231704495945,0.10526315789473684,0.23529411764705882,105
0.46861646911018395,0.47866503056350723,0.16666666666666666,0.2,104
0.3664472725600383,0.4042995652516168,0.1111111111111111,0.25,100
0.4084427305429166,0.44449449837577715,0.10526315789473684,0.3548387096774194,105
0.4017081404773832,0.43782465381303576,0.23529411764705882,0.16666666666666666,103
0.4474526304696396,0.47584974887400006,0.15789473684210525,0.29411764705882354,109
0.45484023515102995,0.4916387935553445,0.2,0.4,106
0.3967582140851906,0.40744039900411316,0.15789473684210525,0.2222222222222222,108
0.3652932643659828,0.3852671370237751,0.07317073170731707,0.1891891891891892,109
0.3950711106842859,0.42215647202672874,0.15789473684210525,0.2222222222222222,108
0.44496908419142894,0.4664484280122813,0.16666666666666666,0.2,105
0.358243039228145,0.3908118262211619,0.13513513513513514,0.16666666666666666,106
0.4151126308187558,0.45173955221711476,0.13513513513513514,0.2,105
0.45398442995646776,0.4630383211295792,0.23529411764705882,0.23529411764705882,105
0.467396854274667,0.5021272514050931,0.13513513513513514,0.23529411764705882,107
0.3986521812008331,0.44478502211416376,0.16666666666666666,0.2727272727272727,106
0.3538811528635445,0.38562853718079165,0.13513513513513514,0.23529411764705882,106
0.425588801410203,0.49410830326390126,0.16666666666666666,0.4,106
0.3991950326520381,0.42350780352275236,0.16666666666666666,0.13513513513513514,106
0.38455502579305995,0.40935245028338946,0.13513513513513514,0.2727272727272727,107
0.4098579604795244,0.4619763148414954,0.07692307692307693,0.2,107
0.36502534665420944,0.38473465873288853,0.13513513513513514,0.16666666666666666,107
0.4151590087438619,0.4563112183775038,0.1282051282051282,0.3333333333333333,108
0.37493066194440033,0.39977657315373505,0.2,0.2,106
0.3704944925550791,0.3934102919322506,0.23529411764705882,0.2,103
0.43999854086886486,0.4843346580476126,0.13513513513513514,0.23529411764705882,107
0.435418823558039,0.46502499620251714,0.10526315789473684,0.3548387096774194,106
0.41316927231340245,0.4604496192150416,0.16666666666666666,0.23529411764705882,106
0.4196010660629059,0.4681415176129836,0.10526315789473684,0.2,105
0.3476709319608711,0.3709607465755971,0.13513513513513514,0.16666666666666666,107
0.4624451231377871,0.4935245429057371,0.2,0.2727272727272727,106
0.396579034965203,0.43050718829561674,0.1891891891891892,0.2222222222222222,109
0.43648198065971777,0.46146303480674405,0.1891891891891892,0.2571428571428571,109
0.3585288216345993,0.3931853621817835,0.1282051282051282,0.29411764705882354,108
0.3008653722262738,0.31753223694624944,0.10526315789473684,0.16666666666666666,106
0.309402291710843,0.3348686349418518,0.13513513513513514,0.2,107
0.3959526877788007,0.4355298756605203,0.10526315789473684,0.23529411764705882,107
0.3000612741440475,0.3396354490247481,0.07692307692307693,0.2,105
0.4713908463303548,0.4947106026360839,0.1891891891891892,0.2571428571428571,108
0.4800247735871186,0.4913943786255239,0.29411764705882354,0.1891891891891892,109
0.39111811070556934,0.4187451221550767,0.2,0.16666666666666666,107
0.3875549096841147,0.4076437845695643,0.16666666666666666,0.23529411764705882,105
0.4681610790881592,0.4777329002088334,0.16666666666666666,0.2,105
0.4256392453536176,0.4623575609274478,0.13513513513513514,0.3125,103
0.4216982556991112,0.4698584580787393,0.1282051282051282,0.3333333333333333,110
0.3896975802257995,0.42441638723820396,0.1282051282051282,0.2222222222222222,110
0.33183822128121976,0.35374058326459845,0.13513513513513514,0.2,106
0.4472410795470748,0.49206275425237267,0.16666666666666666,0.2727272727272727,107
0.4723208106544496,0.4811467176895836,0.23529411764705882,0.16666666666666666,106
0.29176489901238173,0.33638606715204095,0.07692307692307693,0.16666666666666666,107
0.30812964707694535,0.33697205735992075,0.1,0.2571428571428571,108
0.4173034496853617,0.4205776956800632,0.15789473684210525,0.2222222222222222,108
0.3833414964706232,0.39664205788509554,0.05,0.3125,104
0.3658986100874072,0.3919191024586386,0.1282051282051282,0.29411764705882354,108
0.39544601654817246,0.42911047849725154,0.07692307692307693,0.2727272727272727,106
0.4163819866920472,0.45588006766765227,0.13513513513513514,0.23529411764705882,107
0.47352981625790946,0.46832614256118815,0.2,0.2727272727272727,106
0.3059787487218292,0.30813570085139147,0.13513513513513514,0.16666666666666666,106
0.39605320132109606,0.4300806065120543,0.13513513513513514,0.2727272727272727,106
0.4393347251470134,0.5044159971177453,0.15789473684210525,0.29411764705882354,109
0.3251343322370806,0.3473559480260982,0.16666666666666666,0.23529411764705882,107
0.3913111470449529,0.4316910882563952,0.13513513513513514,0.2727272727272727,105
0.5154977203538234,0.5367615677420393,0.13513513513513514,0.3548387096774194,105
0.35719609527925417,0.34813928490098345,0.07692307692307693,0.2,104
0.3851509862045407,0.4047973132458938,0.1,0.1891891891891892,109
0.39966717199648166,0.4354276834696767,0.2,0.16666666666666666,106
0.4038032572423248,0.441430535490279,0.2,0.13513513513513514,107
0.43084911890449495,0.47015651023167354,0.16666666666666666,0.3125,106
0.33899615467545796,0.35675259447971375,0.1282051282051282,0.2222222222222222,108
0.4201432782520935,0.4595423313292766,0.10526315789473684,0.23529411764705882,107
0.34452611526735233,0.3825086376409164,0.16666666666666666,0.16666666666666666,107
0.4037610275475481,0.4167493839775509,0.16666666666666666,0.3125,107
0.41008823526724597,0.4360818229552282,0.07692307692307693,0.23529411764705882,103
0.43464324385900754,0.47381725319622003,0.1282051282051282,0.29411764705882354,108
0.40388427980803526,0.4360373880315826,0.1282051282051282,0.29411764705882354,109
0.28634811317055225,0.33782547222479853,0.16666666666666666,0.2,104
0.3265611660183662,0.36675714655005126,0.13513513513513514,0.2,107
0.4254235680511755,0.4860870781813481,0.16666666666666666,0.3125,105
0.4476611756142722,0.4647953365855562,0.23529411764705882,0.23529411764705882,106
0.27746744208007007,0.3048933925007202,0.15789473684210525,0.1891891891891892,109
0.41312642206943184,0.4303692351454802,0.1282051282051282,0.2222222222222222,108
0.3408333296526457,0.35245001693727857,0.1111111111111111,0.25,101
0.40195264008613973,0.40407692242580434,0.1282051282051282,0.2222222222222222,109
0.37934616518266234,0.3944290669969015,0.1,0.3333333333333333,108
0.31996707626156484,0.3677315445266249,0.1282051282051282,0.3333333333333333,108
0.4298636987669307,0.4804536464398722,0.14285714285714285,0.3793103448275862,101
0.40715312609222415,0.4290830244738416,0.1,0.2222222222222222,110
0.3534399639871995,0.3817067566815905,0.13513513513513514,0.13513513513513514,106
0.394513148080992,0.42672983824257577,0.13513513513513514,0.2,104
0.3320539610122258,0.3471942010748152,0.07692307692307693,0.2727272727272727,107
0.2786890497768821,0.30088278913358407,0.1,0.2222222222222222,108
0.43711269558444354,0.4519461399071788,0.16666666666666666,0.2,105
0.4990503875125689,0.5215994448861107,0.13513513513513514,0.3125,106
0.31970361105655337,0.3222296023626651,0.1111111111111111,0.17647058823529413,102
0.4207560861146849,0.4421534412298351,0.13513513513513514,0.2,106
0.38701713061160176,0.4518637991083641,0.10526315789473684,0.2,105
0.44763085595482344,0.4642652192944833,0.2,0.2,107
0.3361955908384574,0.3798747980119333,0.10526315789473684,0.23529411764705882,106
0.41350479017246156,0.46573052645650537,0.23529411764705882,0.2,106
0.3594280708109148,0.40250898872474256,0.15789473684210525,0.1891891891891892,108
0.41813438507379475,0.45927406431332046,0.10526315789473684,0.23529411764705882,107
0.37720529688293736,0.414114825164993,0.15789473684210525,0.2222222222222222,108
0.40778757005041083,0.4271182511502305,0.23529411764705882,0.23529411764705882,105
0.4860672256772341,0.5338266604334616,0.13513513513513514,0.2727272727272727,103
0.34881369293972697,0.4015966976223018,0.16666666666666666,0.2,103
0.4892694896078959,0.4994936018065599,0.14285714285714285,0.21212121212121213,101
0.47496203502545253,0.5002229402891596,0.1891891891891892,0.29411764705882354,109
0.4693532671324383,0.49239776551724457,0.29411764705882354,0.2571428571428571,108
0.4755373492120482,0.49784096196472294,0.1,0.3333333333333333,109
0.4966447793941642,0.5467973510755122,0.1891891891891892,0.2571428571428571,110
0.523974494739491,0.5518408190821474,0.23529411764705882,0.3548387096774194,107
0.34717566779901027,0.33647892837238896,0.1282051282051282,0.15789473684210525,109
0.3434432965627624,0.3460026841868689,0.07317073170731707,0.1891891891891892,108
0.3867493158039427,0.3797824168145161,0.13513513513513514,0.23529411764705882,103
0.41523906836084445,0.4712482639656944,0.1282051282051282,0.29411764705882354,108
0.4004906728417328,0.4300990370677864,0.13513513513513514,0.23529411764705882,105
0.4120581878219985,0.438859140935882,0.07317073170731707,0.2571428571428571,108
0.401523397072408,0.4275251426997249,0.2,0.23529411764705882,103
0.39545774485910656,0.42218660323821283,0.16666666666666666,0.23529411764705882,105
0.36843039595699006,0.38872511495923895,0.1111111111111111,0.25,101
0.4887758778425199,0.4954800217701898,0.16666666666666666,0.2727272727272727,106
0.42816435549119,0.45111492124979297,0.1282051282051282,0.29411764705882354,108
0.35777781814015663,0.3621999819363295,0.13513513513513514,0.2,107
0.2806129164057977,0.3129686092907684,0.15789473684210525,0.1891891891891892,108
0.29503042404681545,0.3181057467798224,0.10526315789473684,0.2,106
0.3522784690091628,0.3676293074018854,0.2,0.2,106
0.29872877832799793,0.3024619437476853,0.2,0.2,106
0.3174032656340884,0.3694797810008925,0.2,0.13513513513513514,103
0.3858716579161602,0.387792047920871,0.10526315789473684,0.2,107
0.4468810918238964,0.4783299767957069,0.16666666666666666,0.23529411764705882,103
0.47559433661830486,0.49266817578085914,0.16666666666666666,0.16666666666666666,107
0.46418560454705293,0.495693035193086,0.15789473684210525,0.2571428571428571,108
0.4604290596809926,0.48273888614050486,0.13513513513513514,0.2727272727272727,107
0.3534762393105248,0.3773902426374503,0.13513513513513514,0.2,106
0.38866815928513243,0.4088647333721313,0.10526315789473684,0.3125,106
0.47524520351875155,0.4981864848777565,0.23529411764705882,0.23529411764705882,106
0.3910899335914498,0.40489239900737156,0.13513513513513514,0.16666666666666666,107
0.37080474515191836,0.3873717690104261,0.05,0.2,105
0.3393488222267961,0.36494943186110246,0.1,0.2222222222222222,110
0.3173072044729223,0.3645346799181096,0.13513513513513514,0.2,104
0.4466436579366024,0.46142034802120785,0.13513513513513514,0.2727272727272727,107
0.49512223343803485,0.5060437052039275,0.2,0.23529411764705882,105
0.47938073609889303,0.5063463836526954,0.16666666666666666,0.2727272727272727,106
0.2932728545853799,0.319804298656719,0.07317073170731707,0.2571428571428571,109
0.34830289237924794,0.3695421218554029,0.16666666666666666,0.23529411764705882,106
0.42567180737475563,0.4436887495076827,0.15789473684210525,0.29411764705882354,108
0.4072339375576432,0.42594091124060734,0.13513513513513514,0.16666666666666666,106
0.46948797737731657,0.5011347434885125,0.13513513513513514,0.23529411764705882,107
0.31766825241637175,0.3570330339413215,0.15789473684210525,0.1891891891891892,108
0.3836860763563235,0.41202506911820574,0.13513513513513514,0.2,106
0.3927831578429878,0.41585992980032277,0.13513513513513514,0.2,106
0.45719861055594024,0.5116522319886909,0.10526315789473684,0.2727272727272727,105
0.38930070628125835,0.3887736456515127,0.10526315789473684,0.13513513513513514,104
0.39105240186147333,0.43061893187455086,0.10526315789473684,0.2,107
0.3753819722420955,0.3994427299229795,0.23529411764705882,0.23529411764705882,104
0.2936094085860708,0.3254368946350611,0.15789473684210525,0.15789473684210525,108
0.36016887849894025,0.3609973084116269,0.07692307692307693,0.2,107
0.5082438898673325,0.5327581548459818,0.13513513513513514,0.2727272727272727,103
0.3768613646467913,0.395984188743143,0.16666666666666666,0.2,104
0.5288605363427086,0.5390119678890146,0.13513513513513514,0.3125,107
0.44027373895760225,0.4791230033029873,0.1282051282051282,0.3333333333333333,109
0.45140303270614257,0.48123344210723107,0.10526315789473684,0.2727272727272727,106
0.3710733599326233,0.40554488577506254,0.07317073170731707,0.1891891891891892,108
0.31167798262917595,0.3866362399382477,0.07692307692307693,0.2,107
0.42838857803675245,0.4653302304933372,0.2,0.16666666666666666,106
0.29030679823324745,0.3057090991843164,0.07692307692307693,0.16666666666666666,107
0.4647668798731396,0.5198627153914782,0.2,0.3548387096774194,107
0.3953232932197668,0.41927531868749407,0.2,0.13513513513513514,105
0.40960668489929586,0.43677899330841324,0.15789473684210525,0.2571428571428571,110
0.4068340005773233,0.42426542616067653,0.15789473684210525,0.2571428571428571,108
0.421626432559277,0.43747104817847354,0.10526315789473684,0.3548387096774194,106
0.3866091870242405,0.38074837320208765,0.1282051282051282,0.2222222222222222,108
0.4258706127860099,0.4456012605748513,0.1282051282051282,0.2571428571428571,108
0.5533938663128976,0.6050344904876636,0.16666666666666666,0.23529411764705882,107
0.3395614509696628,0.3623344087021661,0.13513513513513514,0.2,107
0.46942435617932826,0.4993484307893775,0.15789473684210525,0.2222222222222222,108
0.3831270508814818,0.4328290961426344,0.10526315789473684,0.2,106
0.41773617549400466,0.46023933059242356,0.13513513513513514,0.2,107
0.43203571148411035,0.47465036335956684,0.23529411764705882,0.2,106
0.4121184332377979,0.4521395837796458,0.16666666666666666,0.3125,106
0.42795745467785984,0.44573893200018677,0.13513513513513514,0.16666666666666666,106
0.3585749424220276,0.3891124682137494,0.16666666666666666,0.23529411764705882,107
0.4061557051599241,0.42555900910258665,0.1891891891891892,0.1891891891891892,109
0.37453104504429285,0.3831389055150506,0.13513513513513514,0.16666666666666666,107
0.31712896315058153,0.3313536066197994,0.1282051282051282,0.2571428571428571,108
0.33971519457178967,0.3841527396188388,0.05,0.23529411764705882,106
0.4615467326785211,0.46700737901487716,0.07317073170731707,0.2571428571428571,108
0.4280026339002242,0.4414407196655439,0.1891891891891892,0.2571428571428571,108
0.31002088865807614,0.3579182924894465,0.1282051282051282,0.29411764705882354,108
0.43676737716141373,0.46982771577537163,0.16666666666666666,0.2727272727272727,107
0.3419761662912858,0.384850416078221,0.13513513513513514,0.23529411764705882,105
0.43685269931022885,0.4632377043482781,0.07692307692307693,0.2,106
0.3998363719909816,0.43604553869637164,0.2,0.23529411764705882,107
0.36283665160871187,0.39636934997097356,0.10526315789473684,0.23529411764705882,107
0.5255264258772977,0.5528057332442767,0.2222222222222222,0.1891891891891892,108
0.35705869981696897,0.37931456977560973,0.13513513513513514,0.3125,104
0.33627280101878054,0.4087500300067518,0.1282051282051282,0.2571428571428571,108
0.422424444953473,0.4662425665781334,0.2,0.2727272727272727,103
0.3099421430511435,0.3507532141982439,0.13513513513513514,0.2,105
0.3726386028783711,0.4263394189663141,0.1282051282051282,0.2571428571428571,108
0.41582973220809283,0.4278099557840449,0.13513513513513514,0.3548387096774194,105
0.37255657552782173,0.3858878002013128,0.15789473684210525,0.29411764705882354,108
0.4098033912255037,0.43470551351306636,0.10526315789473684,0.16666666666666666,107
0.33331011265831234,0.3494378002696129,0.14285714285714285,0.21212121212121213,102
0.40105532809835837,0.4329945464062507,0.16666666666666666,0.3548387096774194,104
0.4723607230192655,0.5129833561431751,0.10526315789473684,0.3125,106
0.4727097804711934,0.48964165880251403,0.23529411764705882,0.13513513513513514,106
0.4141381696694298,0.4408822929675953,0.16666666666666666,0.23529411764705882,104
0.406052040479462,0.43411278471740616,0.13513513513513514,0.16666666666666666,107
0.4609774864381761,0.49851388833985977,0.13513513513513514,0.23529411764705882,107
0.3633041416019985,0.3744494943469664,0.1111111111111111,0.17647058823529413,102
0.3208514776891023,0.37824575119635867,0.05,0.23529411764705882,105
0.4447560403341531,0.4730268926430807,0.16666666666666666,0.3548387096774194,104
0.391852804833375,0.44198305963708917,0.13513513513513514,0.23529411764705882,105
0.3652526073798495,0.39675864240790504,0.1891891891891892,0.2571428571428571,108
0.38732595472658815,0.4254494820011774,0.05,0.23529411764705882,107
0.3306978186604525,0.32839291041632085,0.07692307692307693,0.16666666666666666,105
0.31060654574825824,0.364238425301473,0.1,0.2571428571428571,108
0.3394770002605433,0.3762820114085117,0.05,0.2,107
0.47385324237153365,0.46700733847502574,0.15789473684210525,0.2571428571428571,108
0.42127051791338127,0.4426675030343082,0.14285714285714285,0.14285714285714285,102
0.4855721186924539,0.48974106339062956,0.2,0.13513513513513514,103
0.3763352591777022,0.3985701807783013,0.1282051282051282,0.1891891891891892,109
0.5113497207108273,0.5631368453750555,0.2727272727272727,0.2,105
0.49340561020714535,0.5228491968821058,0.2222222222222222,0.2571428571428571,108
0.43891842184825125,0.45706370661184276,0.1,0.2571428571428571,109
0.3562003257539925,0.4124279172445268,0.13513513513513514,0.2,105
0.313581380344544,0.35504602106364974,0.16666666666666666,0.2727272727272727,106
0.24466177111180334,0.26183168191299977,0.07692307692307693,0.13513513513513514,106
0.42096657528584674,0.4668486425496738,0.1,0.29411764705882354,108
0.4223629159001757,0.48622137632474616,0.14285714285714285,0.2903225806451613,100
0.4281341362397531,0.4493944093936977,0.16666666666666666,0.3125,105
0.44622429651810896,0.4526923232908553,0.10526315789473684,0.2727272727272727,107
0.25188517806413185,0.280997857775964,0.07317073170731707,0.1891891891891892,108
0.3696324814944647,0.40464117621494056,0.2,0.2,107
0.3461587904612909,0.35644707618253785,0.1282051282051282,0.1891891891891892,109
0.4024423129986098,0.4462716268431363,0.10526315789473684,0.2727272727272727,107
0.38845284095109733,0.4344306475947734,0.13513513513513514,0.13513513513513514,107
0.30158322856924485,0.32361061926088963,0.1282051282051282,0.2571428571428571,110
0.47954139025261056,0.5347345663805739,0.13513513513513514,0.23529411764705882,107
0.39793128409962836,0.4271297972727074,0.14285714285714285,0.25,102
0.28448516949088026,0.3279435537150054,0.13513513513513514,0.2,107
0.33296367589422987,0.36025661701971856,0.10526315789473684,0.16666666666666666,106
0.5170249529659809,0.5351689026503403,0.2,0.2727272727272727,105
0.41473578332827565,0.4736687577921715,0.23529411764705882,0.23529411764705882,106
0.3468675171754373,0.3657205881957617,0.15789473684210525,0.2571428571428571,108
0.4459961907576763,0.4755688532809357,0.16666666666666666,0.2,106
0.28405598336601007,0.2953617798388264,0.08108108108108109,0.21212121212121213,101
0.41582014165444114,0.4686436071853303,0.1282051282051282,0.1891891891891892,109
0.41695930052100166,0.4416831964877207,0.10526315789473684,0.16666666666666666,107
0.4523492172137266,0.49238692305298465,0.16666666666666666,0.3125,106
0.3161754822144915,0.3390782170276177,0.07692307692307693,0.23529411764705882,107
0.38461416335171533,0.407950220816558,0.21212121212121213,0.21212121212121213,101
0.47603465047421345,0.4958799956375775,0.23529411764705882,0.2,107
0.30949144291699865,0.3452089378654578,0.1,0.29411764705882354,108
0.5265523151875091,0.550175051421888,0.23529411764705882,0.2727272727272727,105
0.5013507151207022,0.5124986227135996,0.23529411764705882,0.2,103
0.3290953386581072,0.38089594540700455,0.13513513513513514,0.16666666666666666,107
0.4722745618505405,0.4676292702331535,0.2222222222222222,0.2222222222222222,108
0.3340516940160755,0.365502937921642,0.10526315789473684,0.16666666666666666,106
0.37409556156525287,0.39678383677969953,0.2,0.2727272727272727,105
0.3119450975541009,0.3480125661684233,0.15789473684210525,0.15789473684210525,108
0.37598730140121783,0.38967234889792424,0.17647058823529413,0.14285714285714285,101
0.3506499024767108,0.38429706914287354,0.1891891891891892,0.1891891891891892,109
0.3972547773493853,0.40513962228667844,0.2,0.2727272727272727,105
0.4216025976540949,0.44455514294004633,0.2,0.16666666666666666,106
0.4523231964987671,0.4834283462177347,0.2,0.2727272727272727,104
0.4235925695325027,0.43234281997688107,0.21212121212121213,0.17647058823529413,100
0.4581658990776847,0.4822179817501422,0.16666666666666666,0.2,107
0.4436075382448948,0.4552013088330584,0.2,0.23529411764705882,106
0.3442018537404355,0.3670116591539307,0.1891891891891892,0.1891891891891892,108
0.4590479409210776,0.4933134530859683,0.16666666666666666,0.2727272727272727,105
0.3889137386157091,0.41108997518451407,0.1282051282051282,0.15789473684210525,108
0.42471671131802136,0.4552206196298384,0.1891891891891892,0.1891891891891892,109
0.43781509115958966,0.47018164527673306,0.10526315789473684,0.23529411764705882,106
0.37120024674908225,0.3902795254305565,0.1891891891891892,0.1891891891891892,109
0.5648692375514711,0.5990047912133809,0.23529411764705882,0.4,107
0.37046712170904894,0.39966819421191896,0.1891891891891892,0.1891891891891892,109
0.3757004076023111,0.4000683612604478,0.15789473684210525,0.2571428571428571,109
0.41009715686832643,0.4221049834434889,0.13513513513513514,0.2727272727272727,107
0.42434735153774894,0.43900508836609353,0.16666666666666666,0.23529411764705882,106
0.4719814221047508,0.5044909484373938,0.2222222222222222,0.29411764705882354,109
0.3459560495678507,0.35725494154737686,0.10526315789473684,0.2,107
0.4344366561005261,0.45827750736306083,0.2,0.23529411764705882,103
0.424555808912877,0.45244495650705296,0.15789473684210525,0.29411764705882354,108
0.4258718748614958,0.4625210363031352,0.10526315789473684,0.23529411764705882,105
0.4567580656788937,0.4963633451876504,0.2222222222222222,0.15789473684210525,108
0.44825834661154706,0.502867530031133,0.15789473684210525,0.375,109
0.45673852091752887,0.459468235227584,0.2,0.3125,107
0.3765599910752535,0.40614310717920293,0.1891891891891892,0.15789473684210525,108
0.41791852393528733,0.45374892951398704,0.2222222222222222,0.2571428571428571,109
0.41386266114945397,0.44889693217218296,0.17647058823529413,0.3333333333333333,102
0.44044916986880994,0.47027670482707845,0.13513513513513514,0.2727272727272727,105
0.30476643230063494,0.3443615994640703,0.10526315789473684,0.2727272727272727,105
0.44023350833547126,0.45326672539226065,0.15789473684210525,0.29411764705882354,108
0.3877197872848562,0.41770856744081686,0.16666666666666666,0.2727272727272727,107
0.32471153972041866,0.3637731970870178,0.1111111111111111,0.21212121212121213,102
0.34505811813416687,0.3945480881211925,0.1282051282051282,0.2222222222222222,108
0.3490074872009028,0.3567606383989648,0.13513513513513514,0.16666666666666666,107
0.37519913647990316,0.40493083354903225,0.15789473684210525,0.1891891891891892,109
0.37092826587016436,0.38760373897879963,0.13513513513513514,0.23529411764705882,107
0.4229164248055928,0.4511789975484471,0.1,0.3333333333333333,108
0.3806554851133625,0.39591665962872014,0.13513513513513514,0.2,103
0.35319869916869784,0.37722328743687134,0.16666666666666666,0.23529411764705882,106
0.32968404442876276,0.3495020180249927,0.16666666666666666,0.23529411764705882,106
0.4410158945777913,0.48313845816807693,0.13513513513513514,0.2727272727272727,104
0.4696921207612957,0.5178512702132508,0.2222222222222222,0.2222222222222222,108
0.421657928506433,0.4616692768888258,0.10526315789473684,0.23529411764705882,107
0.4355492142875696,0.4678199367483919,0.13513513513513514,0.2727272727272727,106
0.3624034609308356,0.38690789667407594,0.16666666666666666,0.23529411764705882,106
0.4003905760880502,0.42019912834923623,0.13513513513513514,0.16666666666666666,105
0.29044759361110756,0.36238506907258095,0.05,0.23529411764705882,104
0.25724802579177647,0.2785753496744097,0.13513513513513514,0.16666666666666666,107
0.353530383874576,0.3677231976665752,0.13513513513513514,0.23529411764705882,106
0.3588043036302109,0.3823954499053412,0.16666666666666666,0.16666666666666666,106
0.2467492271699462,0.23641883748026102,0.07317073170731707,0.2222222222222222,108
0.4458040541558497,0.4931541531210175,0.2,0.3548387096774194,107
0.3164148369550101,0.3414817982279662,0.1,0.1282051282051282,109
0.30048259610028544,0.3420532260448171,0.15789473684210525,0.1891891891891892,108
0.3915595252471147,0.4197141620697971,0.13513513513513514,0.2727272727272727,106
0.4544930067085292,0.4610030372848083,0.10526315789473684,0.2,105
0.3498919755834244,0.38128418057161406,0.16666666666666666,0.2,107
0.40474318056209646,0.45156413247775395,0.10526315789473684,0.2727272727272727,105
0.516606679453711,0.5429139109761525,0.2,0.3548387096774194,106
0.4399725338055007,0.4336973488033615,0.2222222222222222,0.2571428571428571,108
0.4444752511933523,0.489388849641242,0.16666666666666666,0.3125,105
0.26294158084582187,0.2879844095693934,0.15789473684210525,0.1282051282051282,108
0.44626381508959234,0.46881009488981096,0.2222222222222222,0.2222222222222222,108
0.41634738390317916,0.42701167499782205,0.10526315789473684,0.2,107
0.37135223099700077,0.3916348134871569,0.13513513513513514,0.23529411764705882,105
0.5201237110852466,0.5387475968647818,0.16666666666666666,0.3125,107
0.28284738460098086,0.3234974055280014,0.13513513513513514,0.2,106
0.3837416905557466,0.4090015347056223,0.1,0.2571428571428571,109
0.4046104383677481,0.42409412704060545,0.1891891891891892,0.2222222222222222,109
0.3655925642728087,0.4149324768333741,0.1282051282051282,0.15789473684210525,108
0.4951379783065705,0.5043530607321791,0.23529411764705882,0.23529411764705882,106
0.43177272710778414,0.47742527142681845,0.13513513513513514,0.3125,107
0.3411747181495926,0.3501380101433814,0.13513513513513514,0.2,105
0.34702121382373985,0.3767852794877604,0.1,0.2571428571428571,110
0.4236491504265062,0.5030076843722671,0.1891891891891892,0.29411764705882354,109
0.3208391804897136,0.35009600783036104,0.1,0.2222222222222222,109
0.360621858021428,0.38206172671551697,0.16666666666666666,0.13513513513513514,106
0.39719882506318316,0.41032670110583674,0.2,0.2,107
0.3570974676476683,0.39007086130502616,0.1282051282051282,0.15789473684210525,108
0.3797548860464674,0.4060465817129806,0.13513513513513514,0.16666666666666666,106
0.3723739345436751,0.4228393996553788,0.13513513513513514,0.2,107
0.38482112003889474,0.413721391149237,0.13513513513513514,0.16666666666666666,106
0.4010716979089756,0.44016279977380174,0.13513513513513514,0.3548387096774194,106
0.4561833655523945,0.48579802048215226,0.2,0.23529411764705882,107
0.4916516547499859,0.5293456315914686,0.23529411764705882,0.4,106
0.39909302424789617,0.4064654650094332,0.1,0.1891891891891892,109
0.38514086240956136,0.4035569852200601,0.1282051282051282,0.2222222222222222,108
0.49163468165464097,0.5281045990947439,0.2727272727272727,0.3125,104
0.38536510161735127,0.4111825863174867,0.1891891891891892,0.2571428571428571,109
0.37458749004798436,0.4113684698113294,0.1,0.29411764705882354,109
0.32889349018676145,0.36287589720083957,0.1111111111111111,0.25,102
0.41064826828539097,0.45060557603181967,0.13513513513513514,0.16666666666666666,106
0.4398334686064238,0.46635458551572356,0.15789473684210525,0.29411764705882354,108
0.34111194829929786,0.3787456257121691,0.10526315789473684,0.2727272727272727,105
0.49658549197869806,0.5354369504580847,0.2,0.23529411764705882,103
0.3437518069192833,0.37557101722332537,0.1,0.1891891891891892,109
0.3872018175120747,0.39661374193607724,0.1891891891891892,0.1891891891891892,108
0.4287990277418901,0.4839406502541412,0.16666666666666666,0.2727272727272727,104
0.39268402784261747,0.4300571026531658,0.16666666666666666,0.2,107
0.4804875719800358,0.4938750247567347,0.10526315789473684,0.3548387096774194,107
0.43676368686549644,0.46704838786049385,0.16666666666666666,0.23529411764705882,105
0.3556641114358635,0.3665310682361577,0.16666666666666666,0.2,105
0.36803776098471097,0.3991185972537194,0.16666666666666666,0.16666666666666666,107
0.4455707162588451,0.47094761660711504,0.16666666666666666,0.23529411764705882,107
0.3341193418157407,0.3525579723940984,0.10526315789473684,0.16666666666666666,106
0.44127693813378677,0.4583920032133824,0.16666666666666666,0.2727272727272727,106
0.41412337123736664,0.4608174054202154,0.10526315789473684,0.23529411764705882,105
0.42295360216677785,0.43835898696834485,0.1282051282051282,0.2222222222222222,108
0.41672743086065217,0.45978439762187273,0.15789473684210525,0.15789473684210525,108
0.3526250014037606,0.3914251235373914,0.15789473684210525,0.2571428571428571,109
0.44659321375677546,0.4672637369854219,0.15789473684210525,0.15789473684210525,108
0.3915006604940756,0.41944681402224243,0.2,0.23529411764705882,107
0.35583513043250287,0.36833344214574804,0.13513513513513514,0.23529411764705882,106
0.39342215973471495,0.4220818258297644,0.1282051282051282,0.2222222222222222,109
0.41620691906583024,0.43455562270563874,0.23529411764705882,0.23529411764705882,106
0.4157873237828296,0.43590363375354024,0.16666666666666666,0.23529411764705882,106
0.30134674503343317,0.3377551342447172,0.16666666666666666,0.3125,103
0.2813417401570019,0.29004294417367155,0.15789473684210525,0.15789473684210525,108
0.42029061147159613,0.4436481257173793,0.16666666666666666,0.23529411764705882,103
0.4021133664537076,0.40891373775566386,0.23529411764705882,0.16666666666666666,107
0.47131358263782275,0.5109819521450051,0.2,0.2727272727272727,103
0.4150727824091972,0.4523595987136097,0.1891891891891892,0.2571428571428571,110
0.3729558493664607,0.3880680785073912,0.1891891891891892,0.1891891891891892,110
0.38478675414537833,0.43465369909610063,0.13513513513513514,0.2727272727272727,107
0.35468604537647863,0.38996468237576465,0.07692307692307693,0.2727272727272727,107
0.32785789573033636,0.3486467898402154,0.1282051282051282,0.2571428571428571,108
0.3066353836395222,0.3176489348795053,0.07692307692307693,0.16666666666666666,105
0.3564366201473619,0.379719013826052,0.1282051282051282,0.2571428571428571,108
0.30965226299096515,0.34015586436027806,0.15789473684210525,0.2571428571428571,108
0.4470536201448145,0.44582785050335755,0.2,0.16666666666666666,106
0.37188597197456097,0.3895858884148325,0.1282051282051282,0.15789473684210525,108
0.36408782495955383,0.35740375399664703,0.21212121212121213,0.14285714285714285,102
0.2824672604209231,0.30521733060754164,0.1282051282051282,0.1891891891891892,110
0.36953388578334884,0.3921847022348108,0.10526315789473684,0.2,106
0.407739523909798,0.4673354547599422,0.13513513513513514,0.2,107
0.3513152272991058,0.3772829594001696,0.13513513513513514,0.2,107
0.3735344908024002,0.41346844389530873,0.2222222222222222,0.2222222222222222,109
0.34163512715989663,0.3854202101651368,0.1111111111111111,0.21212121212121213,102
0.33095477381132155,0.3389885599608984,0.1891891891891892,0.1891891891891892,108
0.3819381177983005,0.42639811624867363,0.13513513513513514,0.3125,106
0.37273213630837526,0.3938964875024039,0.16666666666666666,0.23529411764705882,105
0.3355466097117248,0.36863690542046257,0.2,0.2,105
0.4162275116005939,0.42349924861099414,0.13513513513513514,0.2,107
0.32382830349279074,0.35503829566520506,0.1282051282051282,0.15789473684210525,110
0.47902274988014937,0.47357239610986157,0.16666666666666666,0.2,103
0.4856845083075478,0.5570866779531815,0.16666666666666666,0.4,107
0.2987797189572396,0.34505578903662065,0.1891891891891892,0.2222222222222222,110
0.48122415716317174,0.4937599415703839,0.16666666666666666,0.2,107
0.371362703203486,0.3828942754203162,0.10526315789473684,0.23529411764705882,107
0.40033823788062795,0.4329269867388943,0.10526315789473684,0.23529411764705882,104
0.3703793474741117,0.3796374283484388,0.10526315789473684,0.2,107
0.4595928516980351,0.5060626118934777,0.2,0.3125,106
0.3403257210693119,0.37130389542012937,0.10526315789473684,0.2727272727272727,105
0.39417267796964717,0.4055875225868756,0.2,0.2727272727272727,106
0.3628745523641485,0.4122291481124459,0.10526315789473684,0.2,107
0.3634715178982384,0.4053981787518625,0.07692307692307693,0.3548387096774194,105
0.3837837114470823,0.4168998900620933,0.1891891891891892,0.2571428571428571,108
0.47202921085663885,0.5184858364601578,0.15789473684210525,0.375,108
0.325743438075184,0.3372652551443863,0.16666666666666666,0.2,106
0.4715212357305405,0.5070832568974222,0.15789473684210525,0.2222222222222222,109
0.43821636865552627,0.4593890106985368,0.23529411764705882,0.2727272727272727,107
0.42623674696346325,0.46212192038502803,0.15789473684210525,0.2222222222222222,108
0.3795661738159358,0.3993480705917166,0.07692307692307693,0.23529411764705882,107
0.3729941547744627,0.3929602107258661,0.1,0.2222222222222222,109
0.37104024309419564,0.38447670136890977,0.13513513513513514,0.16666666666666666,103
0.3713697616904831,0.38606126414938824,0.2222222222222222,0.29411764705882354,108
0.3485801000069189,0.3580455754212557,0.1,0.15789473684210525,108
0.3328377879122396,0.32957397126239657,0.13513513513513514,0.23529411764705882,106
0.442856658025782,0.47257406204313096,0.15789473684210525,0.2222222222222222,108
0.21065330688640754,0.221813534621422,0.1282051282051282,0.1282051282051282,108
0.40005161251221083,0.4616842239083436,0.1891891891891892,0.2571428571428571,109
0.2941155605304502,0.305089064299709,0.1282051282051282,0.15789473684210525,109
0.40617389402003506,0.44078672560649124,0.13513513513513514,0.2,106
0.39304346692577663,0.4145458456941237,0.16666666666666666,0.16666666666666666,106
0.40216206342177274,0.40187937988659805,0.07692307692307693,0.3125,103
0.39623891273585987,0.4168052627885835,0.15789473684210525,0.1891891891891892,109
0.40809166903272925,0.4172569886361963,0.10526315789473684,0.16666666666666666,106
0.3637764390827783,0.39806896700726374,0.15789473684210525,0.1891891891891892,108
0.45782531203859345,0.4744741892470973,0.10526315789473684,0.3125,106
0.3029283864646263,0.32093667281710414,0.10526315789473684,0.16666666666666666,105
0.45458566189596283,0.4524684859944186,0.10526315789473684,0.3125,105
0.4134451793218393,0.4413163769439132,0.10526315789473684,0.3125,106
0.43358280473500127,0.47115163512776936,0.1891891891891892,0.2571428571428571,108
0.4834863489908943,0.5287654006549732,0.07692307692307693,0.4,105
0.381335696518628,0.4008984376882186,0.13513513513513514,0.2,106
0.38817473784548656,0.4333767873292953,0.16666666666666666,0.2,106
0.3733040151359259,0.40858773442594953,0.1282051282051282,0.2571428571428571,108
0.4340803730541586,0.4655292086132412,0.07692307692307693,0.3125,107
0.39555592682138846,0.42269045917644005,0.1891891891891892,0.2222222222222222,109
0.4080385180349971,0.43723353261203673,0.1282051282051282,0.2571428571428571,109
0.39742981922348014,0.4387999901567155,0.1,0.2571428571428571,108
0.44283401456304494,0.45400707871342866,0.15789473684210525,0.2222222222222222,108
0.3157643349183109,0.3454130118639352,0.13513513513513514,0.2,107
0.5182825000821987,0.5422752641203838,0.2,0.3125,106
0.38688166453496503,0.41595084604276417,0.13513513513513514,0.16666666666666666,104
0.3965271992615065,0.4189260016950492,0.23529411764705882,0.2,105
0.4912974884934584,0.5085368910937899,0.1891891891891892,0.29411764705882354,108
0.23093603811389127,0.23581987751725328,0.16666666666666666,0.16666666666666666,104
0.40984933605637414,0.438882388729287,0.13513513513513514,0.23529411764705882,106
0.3589721823135503,0.3768246729405838,0.1,0.2222222222222222,108
0.4736915701570176,0.5185565409667972,0.1282051282051282,0.2571428571428571,110
0.412113603861311,0.42425233467865275,0.1,0.2571428571428571,108
0.40064886122906956,0.4125909631071715,0.2,0.2,107
0.4694867238713978,0.5469132685111223,0.13513513513513514,0.4482758620689655,106
0.34358619609611724,0.34975614504379887,0.07692307692307693,0.23529411764705882,103
0.3888271721359034,0.3918550591130478,0.13513513513513514,0.2727272727272727,106
0.3890698924654368,0.42269313253275254,0.15789473684210525,0.1891891891891892,108
0.4551748852080905,0.4797541241165797,0.10526315789473684,0.3125,107
0.3972364287131966,0.4259027473760695,0.13513513513513514,0.23529411764705882,107
0.3441289623777414,0.37205614716594493,0.047619047619047616,0.15789473684210525,109
0.27418754783280597,0.2768025452467099,0.07692307692307693,0.2,106
0.378109583812226,0.40277771973852294,0.10526315789473684,0.16666666666666666,107
0.49068929170377074,0.5192593591229004,0.10526315789473684,0.3125,107
0.39821330227004736,0.41661125092486223,0.15789473684210525,0.2571428571428571,108
0.42646203566052615,0.4561540837180027,0.21212121212121213,0.2903225806451613,100
0.46295494948048227,0.5127327778499531,0.21212121212121213,0.2903225806451613,100
0.39799320636426155,0.4104759691783106,0.10526315789473684,0.23529411764705882,105
0.36442083522082347,0.3906424123458638,0.16666666666666666,0.2,107
0.40500169579980494,0.4702409316505522,0.15789473684210525,0.375,108
0.38134752556313684,0.3944185082158421,0.2222222222222222,0.2222222222222222,108
0.4170291536147262,0.4589898641893428,0.16666666666666666,0.2,106
0.45493325279536845,0.4619810654989343,0.1282051282051282,0.2571428571428571,109
0.3241888649418953,0.3366590442987023,0.1,0.1891891891891892,108
0.3986288679296329,0.43154617542294826,0.07317073170731707,0.1891891891891892,110
0.33432373853501357,0.3717534722023066,0.2,0.2,105
0.4883953845024303,0.5168547866354674,0.2222222222222222,0.2571428571428571,108
0.37897116636987876,0.4158415150898833,0.16666666666666666,0.2727272727272727,105
0.5194110010378182,0.5333211142166014,0.2,0.23529411764705882,107
0.43135824077535356,0.43978983510859304,0.13513513513513514,0.2,104
0.38547065037352257,0.4358100435887588,0.047619047619047616,0.2571428571428571,108
0.4727781743255807,0.5047929853414109,0.16666666666666666,0.3125,105
0.43213418651464147,0.4695347121192781,0.1282051282051282,0.2222222222222222,109
0.39462843001133524,0.41436213292080415,0.16666666666666666,0.2727272727272727,104
0.4588531854142747,0.4923595901804936,0.2222222222222222,0.1891891891891892,109
0.40400485274549097,0.41919892732688424,0.1282051282051282,0.2222222222222222,108
0.4688441667507221,0.5022817314898813,0.2222222222222222,0.2222222222222222,108
0.41454616103572617,0.44385311742877065,0.16666666666666666,0.23529411764705882,107
0.345729676993965,0.37918112976033025,0.2,0.23529411764705882,106
0.31585023327120293,0.3546690133133534,0.13513513513513514,0.23529411764705882,104
0.3893288229617412,0.42217092847280624,0.1891891891891892,0.2571428571428571,108
0.3992197265273633,0.4120876990618285,0.16666666666666666,0.16666666666666666,104
0.3648873661078711,0.41633587113412107,0.10526315789473684,0.23529411764705882,107
0.4799444581959711,0.49647298716865446,0.23529411764705882,0.3125,107
0.2727890196809719,0.2842257715828678,0.15789473684210525,0.1891891891891892,109
0.37078376584739603,0.39786010952785755,0.13513513513513514,0.23529411764705882,106
0.3537025271441719,0.387000781761137,0.10526315789473684,0.2,107
0.4381667644531141,0.4915251402523602,0.16666666666666666,0.3548387096774194,106
0.43453329077775366,0.4500449983837649,0.13513513513513514,0.23529411764705882,104
0.4398708899190894,0.4773934810972896,0.1282051282051282,0.3333333333333333,109
0.4186019676293551,0.45076917368024094,0.16666666666666666,0.23529411764705882,106
0.4268583925427997,0.4589232593283178,0.13513513513513514,0.23529411764705882,104
0.2881177219390967,0.3093573236773421,0.15789473684210525,0.2222222222222222,108
0.5388718152850867,0.5574436801078994,0.15789473684210525,0.375,109
0.3462679496215375,0.37234533097438494,0.13513513513513514,0.2,103
0.3899678516628372,0.436019208191067,0.23529411764705882,0.2,105
0.3244905352415436,0.35007150976093443,0.10526315789473684,0.23529411764705882,107
0.43073529895569945,0.4684519690972721,0.13513513513513514,0.2,103
0.4005930928763924,0.4399579903111883,0.16666666666666666,0.3548387096774194,107
0.5209987878749535,0.538779563163183,0.23529411764705882,0.2,104
0.344970204507376,0.3555795773890271,0.10526315789473684,0.16666666666666666,104
0.3512089639067701,0.3539677539540707,0.07692307692307693,0.2,105
0.33798529741578265,0.3867292250881327,0.2222222222222222,0.15789473684210525,108
0.2949914437129843,0.33460408378081546,0.047619047619047616,0.2571428571428571,109
0.44524738218278687,0.44807343233234137,0.13513513513513514,0.16666666666666666,106
0.4531315677484534,0.49880790366379935,0.13513513513513514,0.3125,107
0.5028060513450987,0.5316073517162009,0.2727272727272727,0.23529411764705882,107
0.24788109038547096,0.26335418663739246,0.16666666666666666,0.13513513513513514,105
0.4186295928906028,0.42057165535863206,0.13513513513513514,0.23529411764705882,104
0.46357553720673816,0.4859521329809145,0.2,0.2,105
0.4095242770527619,0.41262626158996946,0.22580645161290322,0.1875,97
0.261073984501727,0.2823653317076638,0.1891891891891892,0.1891891891891892,108
0.380796525532195,0.4158871022631278,0.13513513513513514,0.23529411764705882,107
0.4120056370777855,0.4478297928527872,0.13513513513513514,0.16666666666666666,106
0.48068862820745073,0.5208222311290398,0.2,0.2727272727272727,106
0.4058421144815808,0.4371835845646302,0.2,0.2727272727272727,104
0.3982244998720283,0.43835589102994654,0.16666666666666666,0.2727272727272727,106
0.37707686382651895,0.3811650677409931,0.15789473684210525,0.2222222222222222,109
0.46099301490439415,0.5014096466493362,0.2,0.2727272727272727,107
0.37213620615671666,0.38938267277660676,0.16666666666666666,0.2727272727272727,104
0.49141388613356773,0.5364973025499038,0.15789473684210525,0.29411764705882354,108
0.4593790055593132,0.4814064080003511,0.07692307692307693,0.23529411764705882,107
0.5220124446616593,0.5348286360895356,0.23529411764705882,0.2727272727272727,107
0.2507646661951682,0.2916848737410288,0.10526315789473684,0.13513513513513514,106
0.37825327683369786,0.4058074930670785,0.16666666666666666,0.16666666666666666,107
0.45336314288262775,0.5089890803256354,0.10526315789473684,0.3548387096774194,106
0.47044004899792663,0.48957657862556686,0.13513513513513514,0.2,104
0.3153678692709143,0.3552974702405278,0.13513513513513514,0.23529411764705882,107
0.42340482705218246,0.46208939129747867,0.1891891891891892,0.15789473684210525,108
0.4427677204933089,0.46669563939059017,0.16666666666666666,0.2727272727272727,106
0.41203345893662485,0.43102689025141955,0.10526315789473684,0.2,105
0.35877015972964676,0.38796465555312826,0.2222222222222222,0.29411764705882354,108
0.42349413158726495,0.4530153643633814,0.16666666666666666,0.2727272727272727,107
0.4014209839084369,0.419231996165142,0.10526315789473684,0.16666666666666666,106
0.41517802302557455,0.4410478771885713,0.15789473684210525,0.2222222222222222,110
0.4704478348782611,0.49406172461498205,0.1282051282051282,0.2571428571428571,109
0.47601417524094597,0.48961867210008214,0.2,0.2727272727272727,106
0.4311775408262739,0.4374159064591483,0.23529411764705882,0.23529411764705882,106
0.40966571526261025,0.47810326872935127,0.10526315789473684,0.3125,107
0.43209101234329444,0.45124682110330694,0.14285714285714285,0.3333333333333333,102
0.3828419741668841,0.4074304984021015,0.13513513513513514,0.2727272727272727,104
0.38931936756965146,0.4094790591725689,0.16666666666666666,0.2,106
0.42051665127379173,0.4464878364045497,0.13513513513513514,0.23529411764705882,106
0.3900082364530543,0.4091930942466975,0.2,0.23529411764705882,107
0.4024220475152547,0.4306225375893873,0.13513513513513514,0.2,107
0.3773772882367137,0.4183652927324534,0.10526315789473684,0.2727272727272727,106
0.3998973155878079,0.41299858625326535,0.13513513513513514,0.2,104
0.3134232498377166,0.3333390147050153,0.1282051282051282,0.1891891891891892,108
0.4605982621786792,0.48386926091326193,0.16666666666666666,0.4,106
0.37317383009477734,0.385121447866505,0.1,0.3333333333333333,110
0.48762279319488605,0.504518160414646,0.2,0.2,105
0.2752332445185113,0.31787574846985533,0.1282051282051282,0.1891891891891892,109
0.42927982626909733,0.4675462849448343,0.07692307692307693,0.2727272727272727,107
