session_ID,attempts,total_solved,solve_rate,total_duration_seconds,mean_duration_seconds,median_duration_seconds,total_submissions,mean_submissions,mean_pred_prob,outfit,session_mix,tasks_per_minute,ability,ability_rank
7cRvQY7P1j8pDpqyuqRV,35,35,1.0,3714.547,106.12991428571429,79.817,58,1.6571428571428573,0.9655588389615681,0.0375313752598254,Mixed,0.5653448455491342,2.4003108028408815,1.0
5r3nPk3wsYHzsfwXCKgz,36,36,1.0,3389.474,94.15205555555556,68.681,47,1.3055555555555556,0.9680452408889698,0.0341274429805797,Mixed,0.6372670213726378,2.290198070401836,2.0
La3HHW071yEg7fKC9ELc,28,28,1.0,2624.029,93.71532142857143,76.5075,35,1.25,0.9589573478688649,0.04594842976484665,Mixed,0.640236826650925,2.2878446281078535,3.0
yHKd9IICbb357h2yD01s,30,30,1.0,2880.8759999999997,96.02919999999999,78.95949999999999,47,1.5666666666666667,0.9618179965641231,0.04209971109532915,Mixed,0.6248099536391015,2.280351556472118,4.0
hmvv4WXuyyVPrK9UvF6P,16,16,1.0,2630.924,164.43275,141.0465,23,1.4375,0.9286791788838629,0.08226531937602888,Mixed,0.3648908140257947,2.2716741863628167,5.0
1uFQTLtUJSfb9qng32V5,28,28,1.0,3194.8070000000002,114.10025,104.705,32,1.1428571428571428,0.9596782651592111,0.04554784417338433,Mixed,0.5258533614080599,2.2474671555665444,6.0
jAFxvg3lhddghnDcbmlP,19,19,1.0,2163.272,113.85642105263157,116.744,26,1.368421052631579,0.9406584340665796,0.06720218659380346,Mixed,0.5269795014219202,2.244310214056179,7.0
rb6SdC1rdDlo6XlD3ekj,31,31,1.0,2993.797,96.57409677419355,66.679,49,1.5806451612903225,0.9661853149384001,0.03764557172563002,Mixed,0.6212846094775297,2.0859737712917457,8.0
bI10rBSJEFMcM2Uc7KFb,36,35,0.9722222222222222,6618.584,183.84955555555555,139.0475,81,2.25,0.9437065620115317,0.13552938212041424,Mixed,0.3263537941046,2.0426043358089823,9.0
FBkif2UUax26itPhjxae,34,34,1.0,4189.775,123.22867647058823,94.997,41,1.2058823529411764,0.9704669502049696,0.031364055420086634,Mixed,0.486899654516054,1.9977167557957851,10.0
F9hsHGW51pqMFCEHn6Dj,26,26,1.0,2554.181,98.23773076923077,87.036,34,1.3076923076923077,0.9621934045615088,0.03995143967013462,Mixed,0.6107632935958728,1.9554129222638075,11.0
yGRwwYUOgbtdMGp3OmGT,9,9,1.0,1621.364,180.15155555555555,149.872,14,1.5555555555555556,0.8934091584758505,0.1245443816099797,Public Eval Only,0.3330529110057951,1.9079391690728527,12.0
ATIf9CkHCnfSl2Xq1afp,24,24,1.0,2617.983,109.08262500000001,94.285,40,1.6666666666666667,0.960097940323618,0.04228778754986107,Mixed,0.550041768796818,1.9047424726284352,13.0
jC4ppQUMClp1rnEOJx4H,26,26,1.0,2871.831,110.45503846153846,93.99950000000001,32,1.2307692307692308,0.9640027950510238,0.03785990337862609,Mixed,0.5432074519705373,1.8612902992606475,14.0
zon7GRvavvHuH2xN72YU,31,30,0.967741935483871,3342.761,107.831,65.493,47,1.5161290322580645,0.938238662727133,0.2169337611540723,Mixed,0.5564262596099452,1.8186288923534868,15.0
MmRAzYfhFHmtwyUqcxmh,18,18,1.0,2668.552,148.2528888888889,92.161,26,1.4444444444444444,0.949729460937733,0.056354716866274274,Mixed,0.4047138672958218,1.7991892432390897,16.0
TnQXs31d5frWjqIApaK0,12,12,1.0,1189.181,99.09841666666667,82.223,17,1.4166666666666667,0.9249459564325803,0.09052437681587082,Mixed,0.6054587148634228,1.7907315219155984,17.0
O2HBpfx52b79k1eeKNJj,34,33,0.9705882352941176,4823.971,141.8815,126.6635,61,1.7941176470588236,0.9448879010095458,0.17803375890365725,Mixed,0.42288811437713875,1.7371313789269611,18.0
SY7A74eY5AhKJkWfQKwW,17,17,1.0,1769.216,104.0715294117647,90.027,28,1.6470588235294117,0.9492512474420038,0.056614507423069255,Public Train Only,0.5765265518738244,1.7149043642364459,19.0
nNw17J7t4qz4Nk0Qzsp4,57,55,0.9649122807017544,4834.354,84.81322807017544,69.152,98,1.719298245614035,0.9500763481796521,0.2512201455083851,Mixed,0.7074368157565623,1.6807848145660047,20.0
7o1m0UcNk3LgaEgrs3qi,22,22,1.0,2401.27,109.14863636363636,80.03999999999999,31,1.4090909090909092,0.9617848271479444,0.043606172426671946,Mixed,0.5497091122614284,1.6708906041845812,21.0
FxTLdSZomS3sRPSmkSJT,36,35,0.9722222222222222,3956.338,109.89827777777778,96.52850000000001,65,1.8055555555555556,0.9489998004434798,0.1619444030524837,Mixed,0.5459594200495508,1.6615542040232878,22.0
wJltAZq06TKPO9p3igmc,15,15,1.0,2510.004,167.3336,126.923,26,1.7333333333333334,0.9448030994331177,0.06150985666941211,Mixed,0.3585651656332022,1.6454096525626265,23.0
aSfFZxJqg1KTHZMIFq6w,16,16,1.0,1746.023,109.1264375,96.063,17,1.0625,0.9486572897004674,0.055226464033762704,Mixed,0.5498209359212336,1.6323769074961092,24.0
669iarl7HgF11dvhi0AD,15,15,1.0,1975.666,131.71106666666665,113.794,23,1.5333333333333334,0.945303162012116,0.060509220765732945,Mixed,0.4555425866517924,1.630287791191374,25.0
yxOKmTE2o5SNDCYy7Exq,15,15,1.0,2263.344,150.8896,124.803,17,1.1333333333333333,0.9453691075623255,0.06019856778418123,Mixed,0.3976417195088329,1.6283624220257602,26.0
nV1wCO5zOvZarl469Qle,15,15,1.0,1885.785,125.71900000000001,93.251,25,1.6666666666666667,0.9459168099849734,0.0596223478371825,Mixed,0.4772548302165941,1.6118777137734743,27.0
MZZEnh0KbkZmscCjUCOU,12,12,1.0,2577.3779999999997,214.78149999999997,106.1725,18,1.5,0.9325374632990316,0.08157601090905299,Mixed,0.27935366872845196,1.6085246391477022,28.0
igAjUZ2z2U7g5jMsA6kK,4,4,1.0,1505.4940000000001,376.37350000000004,476.8325,13,3.25,0.8019509059128143,0.25585838091459395,Public Eval Only,0.1594161119207383,1.5734252231636945,29.0
keGmmZDzz95NMAHVDGYg,10,10,1.0,1771.816,177.1816,148.085,21,2.1,0.921163556975235,0.09163246189921506,Public Train Only,0.33863561453333757,1.566054909579281,30.0
OEO7BVTE8GciUJtHBTbG,8,8,1.0,2081.934,260.24175,193.19,18,2.25,0.9020701440809128,0.11218581121806544,Mixed,0.23055485908775206,1.5560223148112438,31.0
KbqQjdvTCZiGEt5bVQuQ,12,12,1.0,1606.909,133.90908333333334,133.75400000000002,14,1.1666666666666667,0.9347372886989961,0.07735642841899747,Mixed,0.4480651984648788,1.5557081910320325,32.0
rleBBoHqBg2oXF9RZeSr,12,12,1.0,2587.864,215.65533333333335,158.781,28,2.3333333333333335,0.9357657268372139,0.07147325185318609,Mixed,0.27822173035368164,1.5310252016895272,33.0
dPruTNNS0RrseOVxTXGk,29,28,0.9655172413793104,4337.242,149.56006896551725,128.405,40,1.3793103448275863,0.9389723353995254,0.2445505006608354,Mixed,0.4011766002450405,1.5289987624347412,34.0
4yEnA6ZfLcCiLv5fhAO2,14,14,1.0,2154.79,153.91357142857143,111.312,24,1.7142857142857142,0.9450528429656357,0.06297749933221167,Public Train Only,0.38982917128815336,1.5278446362183364,35.0
PSKk3xHcS8oJkb0p1iBP,9,9,1.0,2038.899,226.54433333333333,154.771,13,1.4444444444444444,0.9146519813125953,0.09979892268593162,Mixed,0.2648488228205517,1.5254037624832504,36.0
1UydLpWV1IAXmPGcJMyP,12,12,1.0,1725.781,143.81508333333332,108.7255,15,1.25,0.9360694909083627,0.0719602474436621,Mixed,0.41720241444308404,1.523751786865663,37.0
cNk8QEtzLDHIkQStfUCB,16,16,1.0,2770.079,173.1299375,131.1405,27,1.6875,0.9521829608505294,0.05105593481711718,Mixed,0.3465605132561201,1.5195382342943236,38.0
aLb109z7LTI64y30sGZE,17,17,1.0,1745.727,102.68982352941177,78.82,21,1.2352941176470589,0.9550421253333442,0.048350932875563,Mixed,0.5842837969510696,1.518002079695557,39.0
Uu7Vq21jo3KkH6fM2sg4,25,24,0.96,2432.487,97.29948,81.997,43,1.72,0.9296337964975898,3.9052851469595065,Public Train Only,0.616652833088111,1.5077466946047084,40.0
CJ2PXjgu7URUrAk2B8nC,12,12,1.0,3373.391,281.1159166666667,260.1115,23,1.9166666666666667,0.938213784735284,0.0721432039159333,Mixed,0.2134350865345879,1.4722345766342655,41.0
q32OvWFYQNMr4x1w19Su,6,6,1.0,1430.926,238.48766666666666,237.01049999999998,8,1.3333333333333333,0.8781486168838142,0.16098785294362616,Mixed,0.2515853370474784,1.4514983564903563,42.0
X4lu2bQSxOCjOtE5jR0M,15,14,0.9333333333333333,2382.049,158.80326666666667,123.019,17,1.1333333333333333,0.8849424777541004,0.26553581750527344,Mixed,0.3778259809097126,1.4412561180377699,43.0
eOOT19k4ZRqs3FbTqErC,3,3,1.0,3962.7290000000003,1320.9096666666667,803.889,6,2.0,0.7580554284134898,0.32885136455386615,Public Eval Only,0.045423242417031294,1.4407697766446246,44.0
EE8ZJoGPoQaRohyfkEWK,17,17,1.0,3040.068,178.82752941176471,121.45,34,2.0,0.9576082988989493,0.04600392374009596,Mixed,0.3355188107634434,1.4306931484165537,45.0
E4wPS0lVGQ2J84EirPmH,15,15,1.0,2516.434,167.76226666666668,107.874,27,1.8,0.9526573857995871,0.05323587120407091,Mixed,0.35764895880440334,1.4097354168615615,46.0
R4ayBZOtWGGOueIsECWc,9,8,0.8888888888888888,3091.224,343.46933333333334,142.649,17,1.8888888888888888,0.8119455073016806,0.2545975172031238,Public Eval Only,0.17468808471983913,1.3741215371092383,47.0
LljofbCwsSyHmZRQaq8d,5,5,1.0,935.711,187.1422,144.823,6,1.2,0.863533640457004,0.2191336483369287,Mixed,0.3206118128353733,1.3538384378072994,48.0
PuuoyWWjfcNMiUC7upPr,4,4,1.0,504.084,126.021,55.2735,4,1.0,0.8305990010200331,0.24913666473114132,Mixed,0.4761111243364201,1.344285135068603,49.0
w4vnlMnd7bBkw2MhVPGw,7,6,0.8571428571428571,1574.641,224.9487142857143,171.279,9,1.2857142857142858,0.7605490171891374,0.3333940951784821,Mixed,0.26672746359328886,1.3415122090076406,50.0
swqzX2jEDYXe0E8YJPnD,11,11,1.0,1943.808,176.70981818181818,136.388,12,1.0909090909090908,0.9389974113671674,0.06827377280870882,Mixed,0.3395397076254445,1.3314816386639485,51.0
nR0a0bBQ852Y8HGNAQpa,36,34,0.9444444444444444,4027.748,111.8818888888889,86.22200000000001,51,1.4166666666666667,0.9258601143259126,0.36191260323843566,Mixed,0.5362798268412026,1.3276162560841094,52.0
KnOJalR9nGuksHoNwpem,11,11,1.0,927.951,84.35918181818182,61.05,13,1.1818181818181819,0.9393364345598136,0.06716779527273752,Mixed,0.7112444514850461,1.3239929382110378,53.0
rSZHxrGPlsPbX4L7sMNK,4,4,1.0,843.26,210.815,154.75300000000001,4,1.0,0.8339481079764528,0.2193220129827719,Mixed,0.2846097289092332,1.3173703041135418,54.0
x7zlGVRZXEFCP9Yxq45M,4,4,1.0,2150.273,537.56825,588.245,10,2.5,0.8344659525907104,0.21209125515586397,Public Eval Only,0.11161373462811465,1.313518779990326,55.0
jTz3f9tOHZ2LnY4fqS8G,5,5,1.0,2464.932,492.98639999999995,318.061,9,1.8,0.8677470676427212,0.17105929444114887,Public Eval Only,0.12170721139568964,1.3116633363847354,56.0
VjvEnaNKmU43YP40bYxR,8,8,1.0,1029.657,128.707125,106.8085,12,1.5,0.9177312351357566,0.0959048155228086,Public Train Only,0.46617465816286396,1.3057125332205122,57.0
jiDKb2qxlc1mck2JGw7Z,15,15,1.0,1226.029,81.73526666666666,86.087,19,1.2666666666666666,0.9563607299975604,0.04652395197958512,Mixed,0.7340772526587871,1.2986340158628988,58.0
bHh5dTEL5q4i7XYkn7iP,9,9,1.0,845.46,93.94,90.301,13,1.4444444444444444,0.9284570377460482,0.08048985835565062,Mixed,0.6387055567383436,1.2769565725730778,59.0
esOXjdn7EdGTwnPV6O6p,4,4,1.0,1064.964,266.241,286.86199999999997,4,1.0,0.8434489606616655,0.21970079902838024,Mixed,0.22535973046976238,1.2414672428035052,60.0
Bf35LRIQxuXNSQmJ2cir,6,6,1.0,1196.295,199.38250000000002,164.367,11,1.8333333333333333,0.8961624026202624,0.143127864420408,Mixed,0.30092911865384375,1.2351224204783766,61.0
9WHgt4hwReIapXbdfYEU,5,5,1.0,584.535,116.907,104.337,6,1.2,0.8755800760427096,0.17379010056501604,Mixed,0.513228463650594,1.2332756517539194,62.0
CmBCVVSVvacVfU2jMkpJ,13,13,1.0,1483.021,114.07853846153846,106.663,13,1.0,0.9524057231248926,0.05149590478590445,Public Train Only,0.5259534423315652,1.2267945463445578,63.0
b4htQwybgMF4pMgBt9Il,4,4,1.0,305.942,76.4855,77.922,4,1.0,0.8454961619148761,0.21708625026011666,Public Train Only,0.7844624144445679,1.2250867723454193,64.0
uIqd3OYN8yYKwQHaOjm9,9,9,1.0,2477.551,275.28344444444446,207.228,15,1.6666666666666667,0.9313660252179741,0.07852550038365357,Mixed,0.21795716818745609,1.2247447268306806,65.0
IwvYkeC2RxvXyHFlu5Q1,9,9,1.0,4253.987999999999,472.66533333333325,396.788,13,1.4444444444444444,0.9322685997306857,0.07844278500229963,Mixed,0.12693970927985695,1.2084500762907595,66.0
AwFNW2GkBnq5IbBoRm5M,6,6,1.0,1030.674,171.779,168.317,7,1.1666666666666667,0.8984878644275395,0.12319897295217803,Mixed,0.34928600119921527,1.207216421063016,67.0
ksqqq3UTrWr6kSvKuWYs,13,13,1.0,2191.796,168.5996923076923,136.24,14,1.0769230769230769,0.953264850633786,0.05053101765267375,Mixed,0.3558725355826911,1.2045032723531546,68.0
bVU6kvNVbFcBH4QPXxpe,15,14,0.9333333333333333,2097.257,139.81713333333335,128.918,28,1.8666666666666667,0.8929686829375717,0.19767988079720525,Mixed,0.42913195664622883,1.2004796617997229,69.0
hDa4uTOqkIguM4WYy4WU,18,17,0.9444444444444444,2402.135,133.45194444444445,103.8685,21,1.1666666666666667,0.9108456021258156,0.22479220168991418,Mixed,0.44960004329481895,1.1989921653914133,70.0
ngW2Pb1jEgNnjzJ4PWvk,5,5,1.0,945.3280000000001,189.06560000000002,68.409,7,1.4,0.8797066432998161,0.15244597543510846,Mixed,0.317350168407156,1.1921116122400914,71.0
MTVh131LQv7mfaOXAquz,13,12,0.9230769230769231,1477.767,113.67438461538462,92.803,20,1.5384615384615385,0.877048840083101,0.2351051328805591,Mixed,0.5278233984112515,1.1861507318260844,72.0
OYXSLLeJKFWL0WvTsmZG,14,13,0.9285714285714286,1711.157,122.2255,88.991,25,1.7857142857142858,0.8866720340415958,0.19607128612869612,Mixed,0.4908959259728944,1.162612995731128,73.0
zpraZOQ8tBZri1ZXdt6N,7,6,0.8571428571428571,1141.253,163.03614285714283,158.043,6,0.8571428571428571,0.7734278839739205,0.3654060358016848,Mixed,0.3680165572401562,1.1611691013365453,74.0
hU07CF7zq7egCkfRE8Y7,6,6,1.0,1122.249,187.0415,173.836,8,1.3333333333333333,0.9024594038926047,0.11488497870193282,Mixed,0.32078442484689224,1.159585049563926,75.0
fuNMNchLQLLY7E7ifM2L,13,12,0.9230769230769231,3206.623,246.66330769230768,201.546,20,1.5384615384615385,0.8784754866653681,0.9150736273125875,Mixed,0.24324655564436481,1.149057587448972,76.0
CG2p3mBTi7BI1Yu99r4T,10,9,0.9,3348.021,334.8021,188.8415,12,1.2,0.8428763369904567,0.18657561716165533,Public Eval Only,0.17921034545482242,1.1317449541859501,77.0
gLzFhVMEpJ4kej4xMWXX,12,12,1.0,1763.571,146.96425,112.892,17,1.4166666666666667,0.9526059844891734,0.05088136433408256,Mixed,0.4082625536482512,1.1268293790243342,78.0
AluT45UbY9TG0oDedhPP,5,5,1.0,779.869,155.9738,143.936,6,1.2,0.8873925358040184,0.13294758954927774,Mixed,0.38467999112671486,1.115259905525424,79.0
NQaP9dMLqCs9mxeASMi3,26,24,0.9230769230769231,3709.9519999999998,142.69046153846153,107.38,56,2.1538461538461537,0.9015829446171423,0.28955007730380183,Mixed,0.42049061551200667,1.1073434685986152,80.0
QxK8OalqQVjJom3TuAxB,20,18,0.9,3396.004,169.8002,154.176,21,1.05,0.8721527376061475,0.6216982034241773,Mixed,0.3533564742562141,1.10325545784282,81.0
6zZhwlWm2v5oawH70P3U,3,3,1.0,526.22,175.40666666666667,199.735,4,1.3333333333333333,0.8143445267043267,0.30132026907838966,Mixed,0.34206225533047013,1.102872822282656,82.0
SHaII1Jrr8T8UjNqOAXg,3,3,1.0,614.447,204.81566666666666,209.861,3,1.0,0.8152110104141994,0.26272705482927877,Mixed,0.29294634036784295,1.097908522038559,83.0
ICfYf5v7WReFr2P6X316,16,15,0.9375,3365.632,210.352,127.20400000000001,27,1.6875,0.9029357434095618,0.3306969756906428,Mixed,0.2852361755533582,1.0954575112835647,84.0
UNeRcO99uDdEsbhpuy0V,8,8,1.0,2055.234,256.90425,258.84000000000003,9,1.125,0.9313013147759083,0.07651433150529219,Mixed,0.23355004831566623,1.088506287111971,85.0
JNtCQxgTYw39fZ1cTwfn,28,26,0.9285714285714286,2682.585,95.80660714285715,79.7205,50,1.7857142857142858,0.9090348022560397,0.42244757839966596,Mixed,0.6262616096041691,1.083850819206519,86.0
rPqtih9jl7g6EofMHeQl,16,15,0.9375,2460.405,153.7753125,88.9725,28,1.75,0.903418078225942,0.1646312984402084,Mixed,0.3901796655428679,1.080081567936759,87.0
xAIqRvQWu7fnkvzi1ouE,6,6,1.0,765.664,127.61066666666666,107.12450000000001,16,2.6666666666666665,0.910404051695179,0.11516284299679493,Mixed,0.47018013123249885,1.064494932793686,88.0
V8hHsfyGhNPtRviH8XP2,13,12,0.9230769230769231,1197.644,92.12646153846154,72.522,14,1.0769230769230769,0.8823288542428963,0.17694233190552064,Mixed,0.6512786771361105,1.0488609639707545,89.0
IfV15xNO4L1hPZIaHeaj,5,5,1.0,951.192,190.2384,193.091,6,1.2,0.894046490012809,0.12213033342125937,Mixed,0.3153937375419474,1.0488051817751545,90.0
e9P3TJn4wrZ900V1Sx3n,6,6,1.0,1070.463,178.41049999999998,168.3025,13,2.1666666666666665,0.9122841374267154,0.10291377552078383,Mixed,0.33630307633239076,1.0416322926308337,91.0
oVkzPbYtO8MfQ2Kll756,14,13,0.9285714285714286,2952.683,210.90592857142857,88.07650000000001,20,1.4285714285714286,0.8915342643656219,0.2747020706612452,Mixed,0.2844870241742849,1.0262264339262313,92.0
lfsS3BGBSrFuzLnoYAIx,5,5,1.0,2105.701,421.1402,192.179,8,1.6,0.896460791280394,0.12896373166808325,Mixed,0.14247036972485647,1.0245592935321064,93.0
5w5iREkbLVoo3oEAZ1X7,5,4,0.8,1185.935,237.18699999999998,266.811,8,1.6,0.6966811038100305,0.722183284795485,Mixed,0.25296496013693837,1.0223779650277132,94.0
J1nXX1jOU5vu6eygjGBS,13,12,0.9230769230769231,1985.658,152.74292307692306,77.207,25,1.9230769230769231,0.8835065342753791,0.19800166430048913,Mixed,0.39281688991759917,1.0182466953237426,95.0
XjQEBjx5mdoYDupcyU6Z,16,15,0.9375,2448.762,153.047625,162.1695,18,1.125,0.9056149503839851,0.2734015302633985,Mixed,0.3920348322948494,1.0098105514125377,96.0
B12MyLPfvQPKCwt7rTee,28,26,0.9285714285714286,3201.995,114.35696428571428,91.2245,37,1.3214285714285714,0.9104620171288079,1.8766885167675276,Mixed,0.5246728992393804,1.0036662958901965,97.0
hIvXogyEO1grRr9sLIui,10,9,0.9,2507.526,250.75259999999997,138.14249999999998,14,1.4,0.8495117001897515,0.2491817670974082,Mixed,0.23927967247398432,0.9992385082759072,98.0
AkBT3DntkGty2xyb0UZ8,8,7,0.875,1895.358,236.91975,152.808,12,1.5,0.8122348802911092,0.716287610079225,Mixed,0.25325030944022187,0.9935370137484276,99.0
L3WZURtH1knnJtMsw3sC,5,5,1.0,989.9019999999999,197.98039999999997,109.923,12,2.4,0.900253618752112,0.1180943290602489,Mixed,0.3030603029390788,0.9865655336392137,100.0
qAielzzNZZEeRaoAp0oj,8,8,1.0,1900.57,237.57125,184.35,14,1.75,0.938159482744577,0.06763996381448634,Public Train Only,0.2525558122037073,0.978701324674705,101.0
tmkkxaZL2mCTc0PP7LbJ,18,16,0.8888888888888888,2623.11,145.72833333333335,82.81049999999999,31,1.7222222222222223,0.8622362586358167,0.30947610008071513,Mixed,0.41172501343824697,0.9490475410020939,102.0
XuFyqgA4ec5SduxZyRUd,15,14,0.9333333333333333,3302.9139999999998,220.19426666666666,212.602,18,1.2,0.9014775099312938,0.8134710056993112,Mixed,0.2724866587504246,0.945128625011659,103.0
6RLLZz05PzUluFjXuQzJ,4,4,1.0,1663.226,415.8065,361.63149999999996,14,3.5,0.88078377890401,0.14782263481850716,Public Train Only,0.14429788856114562,0.9429759311227737,104.0
MpizHEH6RWuoVFgxtySd,7,6,0.8571428571428571,1419.92,202.8457142857143,222.87,9,1.2857142857142858,0.7895683044625107,0.35360510184184657,Mixed,0.29579131218660204,0.9352252240413064,105.0
JSFgHFw7ZP2v12Mav0lC,11,10,0.9090909090909091,1844.877,167.7160909090909,109.091,26,2.3636363636363638,0.8662453890930221,0.3268563281475259,Mixed,0.35774742706424334,0.932019560446033,106.0
DsCJa29pBTzpSQGjTcAl,20,19,0.95,1921.321,96.06604999999999,76.423,24,1.2,0.9265381376058596,0.3380353766707761,Mixed,0.6245702826336672,0.927985100360403,107.0
s1GuibLGZ4t5I3reVfKg,17,16,0.9411764705882353,2137.344,125.72611764705883,99.554,24,1.411764705882353,0.914210900081697,0.544519500497338,Mixed,0.4772278117139777,0.906344961951319,108.0
BJTnZqDPW1uUHURWfjRT,1,1,1.0,3108.049,3108.049,3108.049,1,1.0,0.5426219380382491,0.8429037418120581,Public Eval Only,0.019304714951405205,0.9038310228973137,109.0
HGFoURSKRUGZagQpW0jw,11,9,0.8181818181818182,2596.049,236.00445454545454,180.84,13,1.1818181818181819,0.776623612877178,0.87693775962052,Public Eval Only,0.2542324894483887,0.903492990623534,110.0
mJpmvdsWA6djDyW27bGA,29,25,0.8620689655172413,4515.838,155.7185517241379,101.221,46,1.5862068965517242,0.8463717961811971,0.43241776212378624,Mixed,0.3853105447981084,0.8998748097077024,111.0
in6Wu2O0HvybIpFM7nsH,13,11,0.8461538461538461,2824.109,217.23915384615384,174.711,20,1.5384615384615385,0.8117373513202933,0.4850101716788305,Public Eval Only,0.27619330557000454,0.884204524915287,112.0
4zGjz45RIU9hRVOeUObq,35,32,0.9142857142857143,4472.491,127.78545714285714,91.411,45,1.2857142857142858,0.901716263804612,0.3513081011626939,Mixed,0.46953699850933184,0.8693706222988713,113.0
sezdehAnS52O5vfwG2Ks,11,10,0.9090909090909091,1610.765,146.43318181818182,131.983,28,2.5454545454545454,0.8691381401232199,0.8014038318483011,Mixed,0.4097431965556738,0.8684290205444469,114.0
vc4l7QwKE9cDmKnuZL9K,15,13,0.8666666666666667,2228.681,148.57873333333333,111.426,19,1.2666666666666666,0.838147493133993,0.37848991968544804,Mixed,0.40382629905311707,0.8448288146483034,115.0
zOxjIFh21xgpMMfIbsll,5,5,1.0,991.538,198.3076,197.729,5,1.0,0.9150482822708741,0.09687181706285192,Mixed,0.30256026496210936,0.8384736595203396,116.0
h5ros5vFfVWdMVXhB2ZH,2,2,1.0,469.27799999999996,234.63899999999998,234.63899999999998,4,2.0,0.7908068382836191,0.29494635856697016,Public Eval Only,0.25571196604145097,0.8257125432233382,117.0
WST3rfEKEaTvhTkc2dn7,13,11,0.8461538461538461,1873.418,144.1090769230769,130.058,18,1.3846153846153846,0.8140818856531156,0.5763277403779248,Mixed,0.41635128946129485,0.8231615400266433,118.0
WsZ7CYExVxgEHG8iaXjv,8,7,0.875,3213.358,401.66975,245.2405,21,2.625,0.8231789977271091,0.6987723916652755,Mixed,0.14937644669532618,0.8185681349178757,119.0
fDtC4H9iyHDfkZP9Sg5o,9,7,0.7777777777777778,1595.656,177.2951111111111,168.422,11,1.2222222222222223,0.7317123762119511,1.1483565515151664,Mixed,0.3384188070611711,0.818284966859676,120.0
fakBZ2GVM5LPX8WMreR8,4,4,1.0,419.799,104.94975,111.85249999999999,5,1.25,0.8964483405769614,0.1274812809440436,Mixed,0.5717021717536249,0.8177245354699195,121.0
6mNdDMJr0RM82kgWWU3E,9,8,0.8888888888888888,3268.6259999999997,363.18066666666664,273.042,10,1.1111111111111112,0.843422912001003,0.27458401935841564,Mixed,0.1652070319455331,0.807816933714968,122.0
GWQBCSWZJCIaDE9rtSjw,4,4,1.0,408.80199999999996,102.20049999999999,103.99799999999999,7,1.75,0.898616413175988,0.11760388107378499,Mixed,0.587081276510389,0.800013438686099,123.0
n1PX9txcmPygHIgBACCj,8,7,0.875,1600.92,200.115,172.173,10,1.25,0.8243347099304434,0.44500408170718564,Mixed,0.29982759913049994,0.7997302201250301,124.0
SIGlG6dBLmhw3EzCd3HZ,8,7,0.875,2702.15,337.76875,261.3825,10,1.25,0.8247384918420833,0.4168370197909025,Public Train Only,0.17763632662879558,0.7935838530599545,125.0
r2wf7LlgMBU50ibLIMch,9,8,0.8888888888888888,1877.781,208.64233333333334,110.769,15,1.6666666666666667,0.8442414313109636,0.3783045855292588,Mixed,0.2875734710277716,0.7931155391540238,126.0
583Ukw7ia4N0Gqfpq91h,6,5,0.8333333333333334,1145.418,190.903,191.438,7,1.1666666666666667,0.7668595922090543,0.47471680652031617,Mixed,0.31429574181652464,0.7869683191341101,127.0
Yq4HOsnakd9WAEXKspst,8,7,0.875,2319.918,289.98975,296.9385,10,1.25,0.8253302402847408,0.2412650630926599,Mixed,0.20690386470556285,0.7841425265991815,128.0
DN9HZEP9qDMs2V2o2vW2,9,8,0.8888888888888888,2708.56,300.9511111111111,184.579,24,2.6666666666666665,0.8448130869005245,0.3510380118090813,Mixed,0.19936792982248872,0.7828657717795713,129.0
wC7TVacvICNagYppobub,7,6,0.8571428571428571,1666.6680000000001,238.09542857142858,246.211,7,1.0,0.8013491785941397,0.33663154955214303,Mixed,0.25199979840016123,0.7705082442418358,130.0
oX3g16YYCU8QLHg5byeM,6,5,0.8333333333333334,1375.185,229.1975,254.36350000000002,8,1.3333333333333333,0.7692560378912804,0.5079283425894926,Public Eval Only,0.26178296011082147,0.758142189063857,131.0
wGhm92tJYWtohz159WMA,3,3,1.0,437.575,145.85833333333332,147.428,3,1.0,0.8749858181638842,0.15039686380711553,Public Train Only,0.41135805290521626,0.7390598110601145,132.0
u5bWa7An60sMZAkOwzQw,5,5,1.0,1716.876,343.3752,165.167,10,2.0,0.9252168372412912,0.0829272750192247,Public Train Only,0.17473597394337156,0.7368349627808047,133.0
2EfPIzXpYPStQaiGj1J5,4,4,1.0,1072.01,268.0025,279.24350000000004,9,2.25,0.9080342674173567,0.10489890436440957,Mixed,0.22387850859600192,0.7247204930345482,134.0
BFltmYQmwgEpSBrT7Gdv,15,14,0.9333333333333333,2114.019,140.9346,88.385,24,1.6,0.9089597868006934,0.6113208177215587,Mixed,0.42572938086176143,0.7207405588364217,135.0
zmyvl61EHUxB9gixRlFW,7,6,0.8571428571428571,2382.7290000000003,340.3898571428572,202.127,12,1.7142857142857142,0.8069334124565893,0.27709561671832883,Mixed,0.17626847199156934,0.6921696951054894,136.0
FqFMV10tLxIgIgfywvL0,3,3,1.0,625.095,208.365,175.928,3,1.0,0.8852617052986682,0.13850843962228546,Public Train Only,0.28795623065294074,0.6773732381144582,137.0
ybOTHIroSQA43XDUZLZ4,12,11,0.9166666666666666,1833.876,152.823,138.34300000000002,23,1.9166666666666667,0.8880596177227952,0.5703729451055637,Mixed,0.3926110598535561,0.6761008538262602,138.0
vNNSF6U5itDyPWRV1BO7,10,9,0.9,2498.1,249.81,180.6145,16,1.6,0.865799376080776,0.6593713269353891,Mixed,0.24018253872943437,0.6734687895481131,139.0
qWqk3NMQCOe7t3u1Begy,23,20,0.8695652173913043,3646.804,158.55669565217391,124.156,50,2.1739130434782608,0.8551527534994028,0.5220682326902538,Mixed,0.37841353689422297,0.6525049087143793,140.0
X2fqlNpo2d7HzjUjmRsr,3,3,1.0,273.91499999999996,91.30499999999999,86.065,4,1.3333333333333333,0.8909672043559594,0.13130375569334754,Mixed,0.6571381632988336,0.643148421143338,141.0
fTsOkDXagySi0TZTLVQ1,2,2,1.0,450.96,225.48,225.48,3,1.5,0.8380886135538856,0.22620772286486943,Mixed,0.2660989888238425,0.6365848719468727,142.0
by8okBaXW0fgW2Gt3O8P,9,8,0.8888888888888888,1814.064,201.56266666666667,156.899,8,0.8888888888888888,0.853192199310078,0.5558959089313118,Mixed,0.2976741724658005,0.6317197012506145,143.0
zwbnXVOgBs8qYlRJnG0w,2,2,1.0,715.3140000000001,357.65700000000004,357.65700000000004,2,1.0,0.8416843491525241,0.2187934341157614,Public Train Only,0.167758494870784,0.6222327466121093,144.0
CEjTJp1cLm6dferKpKeF,8,7,0.875,1128.744,141.093,113.40299999999999,8,1.0,0.8369316676626635,0.21354444531987185,Public Train Only,0.4252514299079331,0.5987756258079694,145.0
ko4xe382mJmiCTBGeJbb,3,3,1.0,782.636,260.8786666666667,266.265,4,1.3333333333333333,0.8994298183431048,0.12184406015768305,Mixed,0.22999197583550973,0.592475920797924,146.0
5cmA5YJ9IgBwCy98Cuar,5,3,0.6,2419.677,483.9354,442.798,12,2.4,0.5404570579120475,0.5737802701477248,Public Eval Only,0.12398349035842386,0.5845365888447236,147.0
3L0DvEUxVgKZ6oIZcQpJ,9,8,0.8888888888888888,1678.14,186.46,109.623,12,1.3333333333333333,0.8559604673271021,0.9463205853231764,Mixed,0.3217848332081948,0.5821627591092436,148.0
A8qeYGxRIpohwtzi9zEW,2,2,1.0,407.594,203.797,203.797,2,1.0,0.8529741044317427,0.19651646503384118,Public Train Only,0.2944106144840209,0.5769123424797092,149.0
ZxXa4VSb9QeJK6lOZnzP,1,1,1.0,556.5350000000001,556.5350000000001,556.5350000000001,4,4.0,0.7072282673595774,0.41397063176430987,Public Eval Only,0.10780993109148569,0.5743484295907303,150.0
pQTG1FmKklZGigj9GRnJ,13,11,0.8461538461538461,1727.582,132.8909230769231,90.736,18,1.3846153846153846,0.823686969111444,0.34425462341299384,Mixed,0.4514981054444883,0.5736597837502958,151.0
JjnCox0vega5bO6Khwfx,5,5,1.0,500.87100000000004,100.17420000000001,77.256,5,1.0,0.9421112202957644,0.06200909660592909,Mixed,0.5989566175721892,0.5678877261714605,152.0
EYsB6RjwyhHGuILHsvqJ,3,3,1.0,593.247,197.749,153.428,6,2.0,0.9061945172873056,0.10651224560221391,Public Train Only,0.30341493509448847,0.551854593856225,153.0
7xVosJMiTodN5GZtKKlB,4,3,0.75,946.559,236.63975,202.946,4,1.0,0.6801966039936536,0.6707732100561613,Mixed,0.25354996360501564,0.5475561242381431,154.0
t3Cny4mbFcPAcaUyWEYD,8,7,0.875,1700.671,212.583875,179.24450000000002,9,1.125,0.8402978592980157,0.3100543963998773,Mixed,0.28224153878086944,0.5449736744203404,155.0
bGBkaar8a66p5yBw1pff,9,8,0.8888888888888888,2078.7889999999998,230.97655555555554,141.286,15,1.6666666666666667,0.8580326512372948,0.5286477376920004,Mixed,0.2597666237410339,0.544871436897353,156.0
onFhI4KJYXy97Xj7K0vU,2,2,1.0,160.494,80.247,80.247,2,1.0,0.8629268507834167,0.1780619327910783,Public Train Only,0.7476915024860742,0.5373357142699605,157.0
2YhmNokIJFnVJWtEZ9Pc,16,14,0.875,2684.753,167.7970625,120.06049999999999,42,2.625,0.8581069147624723,0.3003260630257157,Mixed,0.35757479365885797,0.530183621151539,158.0
ElbbwgTqMCQTkJUR37mi,3,3,1.0,1530.364,510.1213333333333,320.769,10,3.3333333333333335,0.9114336743551168,0.10530802059607802,Public Train Only,0.11761907624591274,0.5205885528360296,159.0
2Sa8GEt8rwOXGKLPLa7S,11,10,0.9090909090909091,2862.0,260.1818181818182,212.406,20,1.8181818181818181,0.8852477274467805,0.3558538334234925,Mixed,0.23060796645702306,0.5139473114215771,160.0
lyW8MwOjdTYDNxB9VGEl,2,2,1.0,587.212,293.606,293.606,4,2.0,0.8736130644272634,0.1593738467301931,Mixed,0.20435549682227203,0.4944973667395331,161.0
voUeVc8Nn2XigkuMy1HD,13,11,0.8461538461538461,2313.254,177.94261538461538,134.67,16,1.2307692307692308,0.8268120531790475,0.7798083666429,Mixed,0.33718735599290006,0.4923288694839894,162.0
ZwzBo5y0tDKhSlH5iALL,5,4,0.8,816.424,163.2848,82.248,6,1.2,0.7500198646482997,0.5256195283149246,Mixed,0.3674561257385868,0.4889128958230488,163.0
VXJPCmKoS6PsRiD5VNic,7,6,0.8571428571428571,1355.7649999999999,193.68071428571426,182.936,7,1.0,0.8217140042859653,0.26817114420589505,Mixed,0.3097882007575059,0.4851473325384785,164.0
dqMLZRlTGOZSlUotaapZ,4,4,1.0,1572.846,393.2115,279.051,7,1.75,0.9383376950459092,0.06662272217206996,Public Train Only,0.15258963687481167,0.48251116950226336,165.0
1BI142fUgOwnvKTpHzUA,10,8,0.8,1653.983,165.3983,161.5065,11,1.1,0.7758783986796921,0.9739374503128009,Mixed,0.3627606813371117,0.4716560986760526,166.0
oxwwdBWRdwbukgVEMxGg,14,12,0.8571428571428571,2547.193,181.94235714285716,162.37599999999998,28,2.0,0.8401245178387785,0.3924620563556593,Mixed,0.32977477560593166,0.46597020285024054,167.0
x03sbK4GiT4Rm51pVKVn,13,12,0.9230769230769231,1997.03,153.6176923076923,119.901,16,1.2307692307692308,0.9052962120139446,0.5405861903462821,Mixed,0.3905800113168055,0.451804409717386,168.0
F63jHMhmnkC1ROVBwmsM,2,2,1.0,464.02299999999997,232.01149999999998,232.01149999999998,3,1.5,0.8844673126326364,0.14149700831447584,Mixed,0.2586078707305457,0.45120957235759235,169.0
inje2W67g8C2ltzIHqke,11,9,0.8181818181818182,2664.286,242.2078181818182,208.539,39,3.5454545454545454,0.797830444666936,0.9454718316986043,Public Train Only,0.24772115305939377,0.4371600845520564,170.0
Cx7xjgPl4TzXzu4eUKgi,10,8,0.8,2522.589,252.25889999999998,199.961,14,1.4,0.7777277135526005,0.29422388005439193,Public Train Only,0.23785087463712878,0.4349544330382403,171.0
YYbYrXTpPlRe3Ulsq0M7,7,6,0.8571428571428571,2163.113,309.0161428571428,146.509,18,2.5714285714285716,0.8258190463188874,0.5289526833549123,Public Train Only,0.19416461368407478,0.42792854240343775,172.0
sR57uPMyWRkCBoGeIK7D,5,4,0.8,1109.028,221.8056,236.595,6,1.2,0.7567306485493772,0.6665014121954176,Mixed,0.27050714679881843,0.4218329991767898,173.0
APVeB4oRKBu2GmK5T70W,7,6,0.8571428571428571,1560.09,222.86999999999998,174.643,16,2.2857142857142856,0.8271632297373845,0.3349386828308237,Public Eval Only,0.26921523758244714,0.4089447376476703,174.0
9USkLi2ZwOjLCTGkfcg1,4,4,1.0,320.988,80.247,69.124,4,1.0,0.9477040686454712,0.05537027455325115,Public Train Only,0.7476915024860742,0.40753440565504506,175.0
RM73GuF6UZEXjMNsDb1d,16,14,0.875,3210.004,200.62525,129.824,20,1.25,0.8619854515885894,0.2481527621106966,Mixed,0.29906504789402133,0.4060847755266781,176.0
wzfEc5gnN85GOGcR9eFu,12,11,0.9166666666666666,1776.159,148.01325,131.8955,14,1.1666666666666667,0.8997794317643572,0.5034033660612768,Mixed,0.4053691139137881,0.39474717325787273,177.0
WGdLfVV9PN8yYSZJHzKz,12,10,0.8333333333333334,2899.1240000000003,241.59366666666668,247.4755,17,1.4166666666666667,0.8164876499314526,0.38724192336533814,Mixed,0.24835088116272364,0.39378904614091853,178.0
c3PahCCqb89Amk8W5l7Q,5,4,0.8,1335.445,267.089,289.912,11,2.2,0.7601732489230888,0.36571440332509597,Mixed,0.2246442197170232,0.3873933199314845,179.0
MDqkWVsElkvs8k2vXIjZ,5,4,0.8,798.859,159.7718,160.841,6,1.2,0.762653446710458,0.3487190008789175,Mixed,0.3755356076604257,0.36266329534180086,180.0
Tfj8djnxW7sCHhNmrtsm,3,3,1.0,628.8399999999999,209.61333333333332,143.462,3,1.0,0.9393720084777266,0.06530000152888887,Mixed,0.2862413332485211,0.3528806407108694,181.0
xvuslpbxeU3MyIw9GUtU,13,11,0.8461538461538461,2287.638,175.97215384615384,130.454,23,1.7692307692307692,0.832370790053955,0.2455508132730808,Mixed,0.3409630369839984,0.34786201335400063,182.0
BRNG2gDrEczj4uNGgyzb,7,5,0.7142857142857143,3084.177,440.5967142857143,335.078,7,1.0,0.688899413621774,0.9643603517824662,Mixed,0.13617895470979777,0.34451456030890587,183.0
toZhl3f6tnIOtqYsXrZS,3,3,1.0,345.407,115.13566666666667,118.872,3,1.0,0.9415863830936589,0.062441203917676165,Public Train Only,0.5211243547467191,0.3395880969067173,184.0
3fA3fTGOEoY9kATFmOwh,14,11,0.7857142857142857,1907.591,136.2565,134.65249999999997,32,2.2857142857142856,0.7744471985872652,0.5176787458554536,Mixed,0.4403459651466169,0.30484430824684533,185.0
SkqTQtkAlV0Td3voWD3e,2,2,1.0,177.99200000000002,88.99600000000001,88.99600000000001,2,1.0,0.9213092168125301,0.08800795858804286,Mixed,0.6741876039372556,0.30401957731704754,186.0
nFASSnCUxGOwseyVUWV8,10,8,0.8,2266.321,226.63209999999998,211.459,11,1.1,0.7842918184912526,0.5305279287840714,Mixed,0.26474625615700514,0.303584933800773,187.0
Z7Dhl3udItEvrULB3wlo,8,6,0.75,2831.362,353.92025,298.25350000000003,20,2.5,0.7307005876008829,0.47330626914203017,Public Train Only,0.16952971749991702,0.2984602906024416,188.0
ZgaTS7upwxelFuUkyhgv,2,2,1.0,211.95499999999998,105.97749999999999,105.97749999999999,2,1.0,0.9236374543150655,0.08495710006903316,Mixed,0.5661579108773089,0.29414996978072167,189.0
3X0iuJ8aeLsbbWc35PyK,3,3,1.0,597.496,199.16533333333334,145.268,4,1.3333333333333333,0.9498318793635955,0.052978837983932235,Public Train Only,0.30125724691043954,0.29006068040297345,190.0
wDOoKF6VdSikuTGrpfMY,8,7,0.875,2671.767,333.970875,251.54449999999997,20,2.5,0.8563360612303094,0.2998030295802779,Mixed,0.1796563847071994,0.2880538996376804,191.0
ccQELf5vZ9SEvpngg9sp,4,3,0.75,1331.6960000000001,332.92400000000004,300.7345,4,1.0,0.7131427631569359,0.36379378141073526,Public Eval Only,0.1802213117708546,0.28399670574513247,192.0
uSMfPKoohZQ80zuQXjj8,16,13,0.8125,2824.673,176.5420625,159.44099999999997,33,2.0625,0.803458535259431,0.39903237502589906,Mixed,0.33986234866832377,0.27905179334668123,193.0
fAVSn8jr2CXxRqE3mgit,5,4,0.8,919.876,183.9752,122.688,8,1.6,0.7710058535391772,0.1820745994145688,Mixed,0.3261309132970096,0.2790124292837214,194.0
pjACw0H14Ecm94q2V56r,6,5,0.8333333333333334,486.365,81.06083333333333,97.088,5,0.8333333333333334,0.8094530068233904,0.28884341643787365,Public Train Only,0.7401848406032505,0.27596608184513466,195.0
9g0vroIPVKii5zLbifbC,6,5,0.8333333333333334,955.461,159.2435,118.6385,8,1.3333333333333333,0.8096567598758639,0.40317553714096216,Mixed,0.3767814698873109,0.2733069504285725,196.0
C4irA2pnOPFlNQp6MDHh,5,4,0.8,761.187,152.2374,215.424,6,1.2,0.7723258358404378,0.2704224913444948,Mixed,0.3941212868848259,0.2658251948792914,197.0
Ba2HfASI0WXJ7Svo8EdK,5,4,0.8,3408.041,681.6082,148.468,13,2.6,0.7727937178955607,0.3787695339745093,Public Train Only,0.08802711000249115,0.2613925085840413,198.0
P3gkdc2bndbycMIhlXzi,6,5,0.8333333333333334,685.229,114.20483333333334,85.268,8,1.3333333333333333,0.81118072511457,0.35039442464754683,Public Train Only,0.5253718100080411,0.2552026108194833,199.0
tWOz22N5lAZW3YRb0bNf,4,3,0.75,1487.3380000000002,371.83450000000005,379.4935,8,2.0,0.7167840635959106,0.4337340866142023,Public Eval Only,0.16136211136943987,0.25508462916611513,200.0
BKjgfAWe2izbfpL1xp19,8,6,0.75,1591.985,198.998125,123.58349999999999,17,2.125,0.7339367481888337,0.5011127628580381,Mixed,0.3015103785525618,0.2464855471921788,201.0
Msh1pHkn0r1VsRB5XVjg,11,9,0.8181818181818182,2861.425,260.12954545454545,193.72,25,2.272727272727273,0.8070269067611968,0.6581099667876008,Mixed,0.23065430685759716,0.2349367581148904,202.0
J56iHStpu3jMvD8WiCns,5,4,0.8,397.35699999999997,79.47139999999999,65.613,4,0.8,0.7754347836305276,0.3175079324226487,Mixed,0.7549885870891918,0.23487903769347518,203.0
qNwSvZbzJbtCGdlFEVQK,17,14,0.8235294117647058,3010.2889999999998,177.07582352941176,96.919,31,1.8235294117647058,0.8163237614770145,0.3951828791180068,Mixed,0.33883789895255906,0.2344906286071823,204.0
09SosUdNbCtojeIun2KS,6,5,0.8333333333333334,1310.071,218.34516666666664,199.2305,6,1.0,0.8138123829502287,0.26339787466543196,Mixed,0.2747942668756121,0.22338508806856944,205.0
flL7kYWncRd7dvJ1RqY7,2,2,1.0,651.162,325.581,325.581,4,2.0,0.9417732336492308,0.06239359767801365,Public Train Only,0.1842859380614962,0.2216935404132233,206.0
p2WSAeXNQFWXFflw6g1n,6,4,0.6666666666666666,2085.7780000000002,347.6296666666667,212.14999999999998,5,0.8333333333333334,0.6475788150435898,0.5146441480619013,Mixed,0.17259746722805588,0.21816342692322646,207.0
roLCMVdbWqR6QRyIUS8t,7,6,0.8571428571428571,937.526,133.9322857142857,86.761,13,1.8571428571428572,0.8410158409841778,0.49845542802110526,Mixed,0.4479875758112309,0.21495811574591236,208.0
Rx3jgknQIiVkoBzATuFp,15,12,0.8,2932.787,195.51913333333331,155.851,38,2.533333333333333,0.7925331722528148,0.49161722732671637,Mixed,0.30687533734976324,0.21346679226962928,209.0
uX4u5Ys95EYJKd53cHCs,6,4,0.6666666666666666,987.3629999999999,164.5605,145.9525,5,0.8333333333333334,0.6480504392510139,0.7657537438069141,Mixed,0.3646075455531553,0.2125549722443886,210.0
fbUVObqfAvRXk3JpiwKf,2,2,1.0,436.83,218.415,218.415,6,3.0,0.9446204635365172,0.05903305491662736,Public Train Only,0.2747064075269556,0.21057831486827341,211.0
Q0Wd4dm1lVLmWW4n0ESC,15,12,0.8,2283.571,152.23806666666667,73.264,39,2.6,0.7927091841119733,0.5222335735448538,Mixed,0.3941195609858419,0.20820888457361048,212.0
Jld2MPupQcwVh1X5xPvF,2,2,1.0,518.454,259.227,259.227,9,4.5,0.9479611253826515,0.05514918129361837,Public Train Only,0.23145737133863376,0.197220800871904,213.0
dNmS16v3vpGJ4P8sa9qQ,1,1,1.0,139.186,139.186,139.186,1,1.0,0.8959261957429052,0.116163367866252,Public Eval Only,0.43107783828833357,0.19695486020920516,214.0
bMsxhrZWYV9FeXZR36RZ,7,5,0.7142857142857143,1517.3029999999999,216.75757142857142,235.512,9,1.2857142857142858,0.6996229269274805,0.5547547995744107,Mixed,0.27680693968179065,0.19442929229014846,215.0
go4iieV61pVSYxYHlu9J,5,4,0.8,746.4259999999999,149.28519999999997,93.616,5,1.0,0.7796059732421481,0.26928900664028055,Mixed,0.4019152601865423,0.19309173549956246,216.0
c8N4ZVacIpdKyiaYYGUp,9,8,0.8888888888888888,3031.306,336.81177777777776,253.11,32,3.5555555555555554,0.8777062135978541,2.999547455507935,Mixed,0.17814103887895186,0.19075469647412707,217.0
wftCgnVRQNvhpFLkLfJC,6,5,0.8333333333333334,943.261,157.21016666666665,152.44,9,1.5,0.8165877746685565,0.4206869248316138,Mixed,0.38165470638561333,0.19007332714111705,218.0
bUIGIwufNJ7gjTml8yEE,15,12,0.8,2526.9700000000003,168.4646666666667,122.875,25,1.6666666666666667,0.7933798871926615,0.7700832622973859,Mixed,0.3561577699774829,0.18817357083643865,219.0
ij2pAkutYJCPZQsvIxmG,5,4,0.8,534.89,106.978,90.814,4,0.8,0.7807066675357701,0.1529753384840545,Mixed,0.5608629811736994,0.18205971328910087,220.0
OjXdIb7LUvv5R6rJZJ9s,5,3,0.6,1136.962,227.3924,249.98,8,1.6,0.5811892796922542,1.0885089884140102,Public Eval Only,0.26386106131955156,0.17727299506618835,221.0
GDL7s2o0pZjDQTYSUOt8,8,7,0.875,1829.7530000000002,228.71912500000002,163.705,15,1.875,0.8633946048164713,0.5717639022789428,Public Train Only,0.2623304894157845,0.17512629003295524,222.0
YhbBo9V6TQsWFQPXnWBD,16,12,0.75,2287.42,142.96375,114.144,16,1.0,0.7446923370802024,0.40319680742527686,Mixed,0.41968680871899344,0.15926323373653936,223.0
RcHLhZZC7IwQ9YEiXsqU,17,15,0.8823529411764706,2353.196,138.42329411764706,114.955,42,2.4705882352941178,0.8776200840577466,0.6099190114313127,Public Train Only,0.4334530570339233,0.15050380933231533,224.0
lZURx37JH59Kc0YEMhhm,23,19,0.8260869565217391,2966.428,128.9751304347826,92.037,31,1.3478260869565217,0.8226271570844589,0.5352866250110504,Mixed,0.465205964884366,0.14874151059154925,225.0
LYaSAZXxu2Imq23UBVEY,11,9,0.8181818181818182,3471.955,315.6322727272727,316.615,17,1.5454545454545454,0.8114457323806092,0.7358704385427731,Mixed,0.19009462968270038,0.13769111510048476,226.0
hDxLVZEYkc5Kj5InNiRa,27,23,0.8518518518518519,3272.43,121.2011111111111,95.653,26,0.9629629629629629,0.849117098956839,0.7389296608063228,Mixed,0.4950449665844648,0.13727456375331923,227.0
eetSrUEkTwBhwvfLP2Sd,16,13,0.8125,1373.109,85.8193125,81.9385,19,1.1875,0.8078880439496291,0.4821499238396203,Mixed,0.6991433309373108,0.13720755331245466,228.0
cXSlB805Ykur8AZF1xSp,9,8,0.8888888888888888,3732.0060000000003,414.6673333333334,203.483,21,2.3333333333333335,0.8808396098111326,0.39246290708580467,Public Train Only,0.14469430113456408,0.1343272240009386,229.0
61D5HjwpQU7zlLHyGEBO,8,7,0.875,2056.71,257.08875,245.5115,12,1.5,0.8673218621967504,0.34969530144745997,Mixed,0.23338244088860363,0.11227537935526609,230.0
4ejyLKi0VKCyQXTDZkIU,7,6,0.8571428571428571,2328.7290000000003,332.67557142857146,304.122,11,1.5714285714285714,0.8485543404932062,0.585265554332114,Mixed,0.1803558937085423,0.10969660129116089,231.0
QaeEpLaVbBUFuDdMKLzm,12,9,0.75,2436.5060000000003,203.0421666666667,209.4765,17,1.4166666666666667,0.7450269785191175,0.6087161756872412,Mixed,0.29550512085749014,0.10876270190316864,232.0
vp7knGVRWiyZezOIWZfa,12,10,0.8333333333333334,1298.122,108.17683333333333,79.32300000000001,19,1.5833333333333333,0.8283716646146716,0.4411329921636604,Mixed,0.5546474060219302,0.1085056287496758,233.0
Ex8kdfCWYlnpOqZGQHOo,29,23,0.7931034482758621,3360.056,115.864,88.76,35,1.206896551724138,0.7910915770995687,1.3632603314574887,Mixed,0.5178485120486087,0.10644948804063872,234.0
xvEiWo5v0mUPlEwO59Et,14,11,0.7857142857142857,2936.196,209.7282857142857,171.5555,18,1.2857142857142858,0.7818445355251276,0.7751327126762286,Public Train Only,0.286084443954014,0.0979110789132891,235.0
XK9yRL7XylQvPCNFlBat,5,3,0.6,1103.644,220.7288,211.97,3,0.6,0.5895844840887552,0.32389524585624796,Public Eval Only,0.2718267847240596,0.09332179457679982,236.0
K2dIxXlsvYWq9wHjETcC,4,3,0.75,2087.646,521.9115,362.86400000000003,6,1.5,0.7378494017580887,0.289557191681288,Public Train Only,0.11496201942283318,0.08641449528772625,237.0
9a86s4NJVx5v2e3aBm33,4,3,0.75,671.1759999999999,167.79399999999998,197.9725,3,0.75,0.73811227541309,0.41272009042564956,Mixed,0.3575813199518458,0.08415116608439087,238.0
Q7LoqujwODgiHnmFuvGQ,2,1,0.5,1040.7379999999998,520.3689999999999,520.3689999999999,6,3.0,0.47701159365788115,1.1907528550884918,Public Eval Only,0.11530279474757336,0.08108027775701862,239.0
AV4nhnbpOOBvC3XQJ0sf,1,1,1.0,52.878,52.878,52.878,1,1.0,0.9579404501356493,0.04390622596466704,Public Train Only,1.1346873936230568,0.07335418055713247,240.0
i0VhHeoMS4Ue5ZesDHWv,1,1,1.0,69.908,69.908,69.908,1,1.0,0.9579379117874325,0.04390899211211211,Public Train Only,0.8582708702866625,0.07329118128419088,241.0
d5Oj0dhZm11I7Hkfbisl,4,3,0.75,728.535,182.13375,208.2825,5,1.25,0.7394884249963496,1.124508963798751,Public Eval Only,0.3294282361176883,0.07327459628880861,242.0
ksRJlXxTkyaRECIptxAK,1,1,1.0,301.03,301.03,301.03,3,3.0,0.9579308863852439,0.043916648072079637,Public Train Only,0.19931568282231008,0.07311683675403084,243.0
VnriBKu6Smn4emJPO56C,1,1,1.0,67.202,67.202,67.202,1,1.0,0.9579300406644624,0.04391756970723667,Public Train Only,0.8928305705187347,0.07309585096556974,244.0
vZrLFufHeNDK01zq9OZE,1,1,1.0,149.553,149.553,149.553,1,1.0,0.9579299525504728,0.043917665730689844,Public Train Only,0.4011955627770757,0.0730936645206225,245.0
Bb0ROhlwPTA6W0j5XfoV,1,1,1.0,79.337,79.337,79.337,1,1.0,0.9579277436157433,0.04392007295399234,Public Train Only,0.7562675674653692,0.07303885383585061,246.0
XbXNScs70GN7LThdGCgM,1,1,1.0,225.035,225.035,225.035,1,1.0,0.9579275197271873,0.04392031694088376,Public Train Only,0.2666251916368565,0.0730332986034228,247.0
sbgnZp4Vzx1vZqLqWFvu,1,1,1.0,110.151,110.151,110.151,1,1.0,0.9579271415176338,0.0439207291023309,Public Train Only,0.5447068115586785,0.0730239143470662,248.0
1vNt893Wd5MbmCL7YkDp,1,1,1.0,482.191,482.191,482.191,1,1.0,0.9579271074325778,0.04392076624722036,Public Train Only,0.12443201967685007,0.07302306862172288,249.0
8uCtq1WcdliXiyZA7IL3,1,1,1.0,186.067,186.067,186.067,1,1.0,0.9579268433522384,0.043921054034280656,Public Train Only,0.3224644885981931,0.07301651622881083,250.0
WLoh6oJN8p5P5pjCZ3At,1,1,1.0,284.021,284.021,284.021,1,1.0,0.9579266375913017,0.043921278266664976,Public Train Only,0.21125198488844135,0.07301141089113788,251.0
4WkPVyC6z6tCv9wbpO6K,1,1,1.0,139.303,139.303,139.303,3,3.0,0.9579265233781166,0.04392140273296934,Public Train Only,0.4307157778368018,0.0730085770453828,252.0
KRJAyuyevpBG1yp44oGg,1,1,1.0,114.392,114.392,114.392,1,1.0,0.95792569129725,0.04392230951209979,Public Train Only,0.524512203650605,0.07298793176281407,253.0
L821DNTwO2oBtpqSdTy0,1,1,1.0,89.703,89.703,89.703,1,1.0,0.9579256220023382,0.043922385027883815,Public Train Only,0.6688739507039898,0.07298621246070981,254.0
Swtgi5m5rmxzEHgQmY6x,1,1,1.0,167.822,167.822,167.822,1,1.0,0.9579249948470736,0.04392306848579871,Public Train Only,0.35752165985389284,0.07297065199884119,255.0
XbX7BakDLG8Z7k9c7YLK,1,1,1.0,70.341,70.341,70.341,1,1.0,0.9579248309106678,0.04392324713968703,Public Train Only,0.8529875890305796,0.07296658457980017,256.0
1MnTTZpFSP4rEcPX2Xz2,1,1,1.0,91.564,91.564,91.564,1,1.0,0.9579245369089501,0.043923567535726626,Public Train Only,0.655279367436984,0.07295929015391714,257.0
gz5XLcPFhjcZk6jq4X9L,1,1,1.0,115.861,115.861,115.861,1,1.0,0.9579243872711525,0.0439237306074947,Public Train Only,0.517861920749864,0.07295557753505014,258.0
KMQqHC4kjjCiQZJGllJf,1,1,1.0,91.707,91.707,91.707,1,1.0,0.957924294879665,0.04392383129359984,Public Train Only,0.6542575812097223,0.07295328524365699,259.0
9swIG2AuSrY3a1zZtMEs,1,1,1.0,356.678,356.678,356.678,1,1.0,0.9579241934308015,0.043923941850246194,Public Train Only,0.1682189537902534,0.07295076823856049,260.0
hprVDHGKCIQ9onX6R96y,1,1,1.0,86.012,86.012,86.012,1,1.0,0.9579237115338322,0.043924467010838554,Public Train Only,0.6975770822675905,0.07293881217472059,261.0
Jml2yBTVuiJnkvTsCCAV,1,1,1.0,447.014,447.014,447.014,2,2.0,0.9579236671840651,0.04392451534225426,Public Train Only,0.13422398403629415,0.07293771184516656,262.0
qsB01P49sBn5XJI62eeK,1,1,1.0,284.411,284.411,284.411,1,1.0,0.957923590583793,0.04392459881958244,Public Train Only,0.21096230455221493,0.07293581137458979,263.0
hUbOHMu4sAwSTRSi4OmA,1,1,1.0,68.158,68.158,68.158,1,1.0,0.9579235365953489,0.043924657655035004,Public Train Only,0.8803075207605856,0.07293447191072502,264.0
moWyCSiQ5f0Tj7eAhFss,1,1,1.0,107.901,107.901,107.901,1,1.0,0.9579232246294325,0.04392499762895374,Public Train Only,0.5560652820641143,0.07292673200741212,265.0
OStcgWNCU7yTQP65Zgd5,1,1,1.0,45.402,45.402,45.402,1,1.0,0.9579226128920124,0.04392566428821845,Public Train Only,1.3215276860050218,0.07291155490458573,266.0
sonepX7Lhk3Ef7NcheRS,1,1,1.0,285.669,285.669,285.669,1,1.0,0.9579222271055857,0.043926084711025604,Public Train Only,0.21003329027650883,0.07290198371648719,267.0
JHZM1IZTLW0rKKLsrzdV,1,1,1.0,297.417,297.417,297.417,1,1.0,0.9579222257913197,0.04392608614328864,Public Train Only,0.2017369551841354,0.07290195111028144,268.0
j1w2wvArJCahD88eAR6q,1,1,1.0,80.522,80.522,80.522,1,1.0,0.9579218757318226,0.04392646763185253,Public Train Only,0.7451379747149847,0.072893266364136,269.0
6G2HWiP7TKuyklSyyip9,1,1,1.0,77.277,77.277,77.277,1,1.0,0.9579217701975012,0.043926582641318615,Public Train Only,0.7764276563531194,0.0728906481405074,270.0
rjfIjpyM3A1u17DPa56i,1,1,1.0,83.541,83.541,83.541,1,1.0,0.9579209329328098,0.043927495078700536,Public Train Only,0.7182102201314324,0.07286987648356011,271.0
yNLYsfuapXbEqrHOcebI,1,1,1.0,82.627,82.627,82.627,1,1.0,0.9579209318954801,0.043927496209166444,Public Train Only,0.7261548888377891,0.07286985074874627,272.0
16IbE33J7LjEY2xqCeoz,1,1,1.0,81.517,81.517,81.517,1,1.0,0.95792066156931,0.04392779080655143,Public Train Only,0.7360427886207785,0.07286314432514913,273.0
CWL6uDykIWbqW9HbyNQ8,1,1,1.0,74.926,74.926,74.926,1,1.0,0.9579190301384969,0.043929568718787226,Public Train Only,0.8007901129114058,0.0728226716260887,274.0
IfGFp0JY1lOR4vNUDOHR,13,11,0.8461538461538461,2619.571,201.50546153846153,136.919,31,2.3846153846153846,0.8429663899300354,0.5231158391422389,Mixed,0.2977586788065679,0.07246637597169185,275.0
lyMgiaxGZi8n5xZ612Wt,10,8,0.8,1559.002,155.90019999999998,143.7305,10,1.0,0.7959745411138853,0.3168052593831101,Mixed,0.3848615973552311,0.07001866739469796,276.0
1BXNPY7IvN8JxCXJmIxo,14,11,0.7857142857142857,1351.399,96.5285,96.53399999999999,12,0.8571428571428571,0.7828967528571128,0.4638916613245735,Public Train Only,0.6215780831567879,0.06835470547732563,277.0
VBnfRSc7l6g4beODSBM2,7,5,0.7142857142857143,1271.991,181.713,193.581,9,1.2857142857142858,0.7087140233839454,0.39684692767667956,Mixed,0.33019101550246815,0.06731932365853181,278.0
tJSGXhuotlcEHUz3lNgo,12,10,0.8333333333333334,1517.876,126.48966666666666,54.0755,17,1.4166666666666667,0.8302442245439892,0.41947512384621616,Mixed,0.474347048111967,0.06368535826136701,279.0
L0PYXtlVkMAfAsTlrhqt,9,6,0.6666666666666666,3228.4680000000003,358.7186666666667,326.004,11,1.2222222222222223,0.6630544107748775,0.9391132109039297,Mixed,0.1672619954727753,0.05500100162279122,280.0
ztgXlI1yxAA77y5oDCgj,7,6,0.8571428571428571,1505.972,215.13885714285715,154.716,15,2.142857142857143,0.8524553616420308,1.153308992009982,Mixed,0.27888964735068117,0.05488126250068757,281.0
9XXIsRrli0yvBn8ysThP,4,3,0.75,971.9670000000001,242.99175000000002,158.5935,3,0.75,0.7422511398390526,0.7575316686967325,Mixed,0.24692196339999195,0.051065500913163295,282.0
QhvGVZtft7AnMdFsibru,7,5,0.7142857142857143,872.512,124.64457142857142,75.814,12,1.7142857142857142,0.7100334649484006,0.5219910171079485,Mixed,0.48136873762194676,0.04873905690960111,283.0
MmwrJj1QIO1SnFY167Sx,7,6,0.8571428571428571,961.152,137.30742857142857,104.246,10,1.4285714285714286,0.8529279621576782,0.6999770398550541,Mixed,0.43697562924490607,0.04845848960716527,284.0
fsFZsbyPoh3oQxv9LB5V,10,7,0.7,1967.761,196.77609999999999,217.904,14,1.4,0.6970640104816431,1.0049115053970534,Mixed,0.3049150786096482,0.04799964013455761,285.0
pknE1WPFGSzXSkl0nqoO,22,18,0.8181818181818182,4589.798,208.6271818181818,123.6805,31,1.4090909090909092,0.8169588515051831,0.3675067208532319,Mixed,0.2875943560043383,0.04335442837888858,286.0
7Xf5miJXClAyTb35dyj9,4,3,0.75,577.031,144.25775,141.3405,9,2.25,0.7444333617531084,0.23468475042411033,Mixed,0.41592219482142206,0.033674893097475414,287.0
gDZ28J9EDtVdHxXEJgb3,14,11,0.7857142857142857,2944.202,210.30014285714287,182.5855,20,1.4285714285714286,0.7849576046784902,0.6117435764385964,Mixed,0.28530651089836906,0.010745639569603364,288.0
AHUxOKG8JcSXOF4b1xf6,3,2,0.6666666666666666,694.9979999999999,231.66599999999997,89.487,4,1.3333333333333333,0.6631315274230488,0.538062525269192,Mixed,0.2589935510605786,0.010314400372667074,289.0
h2KmnuDZl8jQGzcZQ3ol,12,10,0.8333333333333334,2732.692,227.72433333333333,86.1375,28,2.3333333333333335,0.8325792981177336,0.5410220007985351,Mixed,0.26347645471937564,0.0076866026831597534,290.0
IW8yXGYvrXDeBgJXCq78,12,8,0.6666666666666666,1811.402,150.95016666666666,110.5955,28,2.3333333333333335,0.6661050599315677,0.5856794536595649,Public Eval Only,0.3974821712684429,0.0029497482622741888,291.0
sgGIzyxxIz9rCvz6CBkU,5,4,0.8,1331.747,266.3494,294.946,5,1.0,0.7990251580606091,0.4001140605227894,Mixed,0.22526801261801227,-0.0009270272825807856,292.0
zsFJ2vejlyqEZSP6iM4w,6,5,0.8333333333333334,1791.302,298.5503333333333,281.4845,11,1.8333333333333333,0.8326275007672658,0.3097134922720267,Public Train Only,0.20097113719517984,-0.0021934619046812646,293.0
DyIQv62ejsQC1tHmdZfp,5,3,0.6,1066.362,213.2724,241.884,3,0.6,0.6007776194619494,0.6924972163982732,Mixed,0.2813303549826419,-0.018697931620797668,294.0
9XIcosAQxPvkFsKPDmYI,11,7,0.6363636363636364,1804.606,164.05509090909092,166.955,12,1.0909090909090908,0.6369134742498864,0.9919239557018114,Mixed,0.3657308021806422,-0.02299565305040586,295.0
8jyVycTTHnRHoXtAWVGA,6,4,0.6666666666666666,1305.16,217.52666666666667,207.738,7,1.1666666666666667,0.6678503477215335,0.9463203866202141,Mixed,0.2758282509424132,-0.025060026988918953,296.0
EiS0yR8PqAnlbM0rkuMl,8,6,0.75,3165.017,395.627125,333.6875,8,1.0,0.751032687729428,0.32439483561506527,Public Eval Only,0.15165795318003034,-0.027190972881502122,297.0
I7rGZzUxciPrfR53DWXo,7,5,0.7142857142857143,1174.433,167.77614285714284,145.439,6,0.8571428571428571,0.7161993001134733,0.570246352446088,Public Train Only,0.35761937888325684,-0.03728537148768358,298.0
eVNjDuUWhoMB63rNMh7x,8,5,0.625,1267.231,158.403875,100.1665,11,1.375,0.6270374748873978,0.46376367519624867,Public Eval Only,0.3787786125812894,-0.04327121742067684,299.0
VxHSZxCncSd7pDrrpE5V,7,5,0.7142857142857143,1360.562,194.36599999999999,172.804,8,1.1428571428571428,0.7166976233157445,0.6248289635120875,Mixed,0.30869596534373295,-0.04421977230957468,300.0
pOjdNeVfx4jwtevnA3Gk,7,5,0.7142857142857143,2651.603,378.8004285714286,352.765,14,2.0,0.7168407296159375,0.9019883898797039,Public Train Only,0.15839475215558285,-0.04637214311060806,301.0
nBs4dqEwhRKLon8MwhM1,13,9,0.6923076923076923,1558.922,119.91707692307692,97.146,17,1.3076923076923077,0.6940540418619907,0.5040507239866349,Mixed,0.5003457517438332,-0.0559018985361828,302.0
5NkTsrGbcRZp7hvNfAXp,5,4,0.8,737.254,147.45080000000002,158.712,6,1.2,0.806431585222783,0.5123325707065702,Mixed,0.4069153914390427,-0.07535961372736445,303.0
fPYICZrVM27GFQQg8qAn,20,14,0.7,3648.469,182.42345,156.49,29,1.45,0.701780671462922,0.5342929463627135,Mixed,0.3289050832006521,-0.0816945354208996,304.0
xFbhV9tuXinq1UBqzrT2,3,2,0.6666666666666666,648.039,216.013,165.664,8,2.6666666666666665,0.6784722119374881,0.46612716312146807,Mixed,0.2777610606769037,-0.08179544019530871,305.0
nRICQ33jMihPxd57YNxv,5,4,0.8,1044.937,208.98739999999998,161.28,6,1.2,0.8075094765559443,1.153069271270056,Mixed,0.2870986480524664,-0.08583475942030325,306.0
4oWnxIOiVYv3y0Yma9hL,11,8,0.7272727272727273,2030.172,184.56109090909092,161.51600000000002,15,1.3636363636363635,0.7307402390821056,0.6013908121389536,Mixed,0.32509560766279905,-0.08713218540178583,307.0
iqSTslD6RqxaLiZ34lez,3,2,0.6666666666666666,1026.625,342.2083333333333,343.877,7,2.3333333333333335,0.6819469299240252,0.6914766571368491,Public Train Only,0.175331791062949,-0.10264420796445425,308.0
N74HhYITNmbZ0u4wgOI8,13,10,0.7692307692307693,1441.5819999999999,110.89092307692307,89.087,17,1.3076923076923077,0.773033403495073,0.6434562324839397,Public Train Only,0.5410722386933244,-0.10923543014517938,309.0
DI4tHxEWHLlSYNeWErht,6,5,0.8333333333333334,1123.1190000000001,187.18650000000002,161.626,6,1.0,0.8426956102516979,0.4041132125364459,Public Train Only,0.32053593608513425,-0.12289566822120936,310.0
N2JnPYcd3bDpYSmWSIDx,6,5,0.8333333333333334,2373.29,395.54833333333335,345.8995,12,2.0,0.8427268146892466,0.25869928042147444,Public Train Only,0.15168816284566994,-0.12324065107184931,311.0
4iXAHlMRXAljJzFWOmv4,15,11,0.7333333333333333,2894.953,192.99686666666668,143.762,24,1.6,0.7371837338748659,0.44799433585648096,Mixed,0.3108858762128435,-0.12605164981338945,312.0
DaAKqSSdssZd2BIFLyTt,44,33,0.75,6429.26,146.11954545454546,106.319,98,2.227272727272727,0.7513277472634887,0.5408385514640259,Mixed,0.4106226844146916,-0.12768126813601904,313.0
LJedrZksr2qk7gfkskJw,4,3,0.75,634.0930000000001,158.52325000000002,97.743,11,2.75,0.764663772768328,0.2575195820739559,Public Train Only,0.3784933755773995,-0.12796387226625558,314.0
7xCju65fCbgnZR2Ht8sW,13,9,0.6923076923076923,1672.4579999999999,128.65061538461538,106.568,14,1.0769230769230769,0.6969617689584736,0.8571861529058951,Mixed,0.4663794247747926,-0.13163959791725552,315.0
hh3vaDZ6FunDattJrSB3,6,4,0.6666666666666666,2042.9769999999999,340.4961666666666,254.38649999999998,14,2.3333333333333335,0.6768994890365789,0.4191681900819597,Mixed,0.1762134375472656,-0.13339067658752504,316.0
702qkyvyXoeoSU7HJD7J,9,7,0.7777777777777778,1724.1970000000001,191.57744444444447,124.896,21,2.3333333333333335,0.7848433814516226,0.6302550546510364,Mixed,0.3131892701356051,-0.1377343145237746,317.0
UejCgqlh1xPyTEsOkhGJ,7,4,0.5714285714285714,1892.837,270.4052857142857,76.825,4,0.5714285714285714,0.5806400721064755,0.8563935299089586,Public Eval Only,0.22188915368835246,-0.13973636371550885,318.0
2azGnnq5zwAW4CQFzDrP,9,7,0.7777777777777778,2197.9210000000003,244.21344444444446,143.207,19,2.111111111111111,0.7860423284836684,0.6570540976446083,Mixed,0.24568671940438255,-0.1592434408880038,319.0
OGfPyAe563wesiPdMe7a,12,9,0.75,2263.11,188.5925,137.63649999999998,16,1.3333333333333333,0.7569499269423686,0.441232032335995,Mixed,0.3181462677465965,-0.17748002700430013,320.0
PeE5YYtR7YkwXnRgZWCR,6,4,0.6666666666666666,907.451,151.24183333333335,154.0995,7,1.1666666666666667,0.6813976152682165,0.6028763453560769,Mixed,0.39671563533458004,-0.1874742528947686,321.0
q3AfPymtK6E8awVUKZJM,10,8,0.8,2173.013,217.3013,170.042,24,2.4,0.8090848871099394,0.5067384599782396,Public Train Only,0.27611431684946197,-0.1922867543023638,322.0
20XcXfF7fnInrTY9pmZa,5,3,0.6,1059.3049999999998,211.86099999999996,247.52,6,1.2,0.6187972816949465,0.9563000851659783,Mixed,0.2832045539292272,-0.19878082353249485,323.0
dzJklaviFvk8Zi0NLAKn,6,4,0.6666666666666666,1404.9940000000001,234.16566666666668,202.995,31,5.166666666666667,0.6842687138108746,0.4758478316442751,Public Train Only,0.25622885222285646,-0.2218270497381599,324.0
7t7zYoAdpPv5YkH2ahL3,7,5,0.7142857142857143,1570.092,224.29885714285714,246.64,8,1.1428571428571428,0.730124623963358,1.0332147643260103,Mixed,0.2675002483930878,-0.23228879475635097,325.0
WPQgA430rLQHzVWNiIBD,3,2,0.6666666666666666,439.93399999999997,146.64466666666667,85.939,5,1.6666666666666667,0.7040617495271532,0.592515526563116,Mixed,0.4091522819331991,-0.23439561875956347,326.0
Vl6W0L82CApesG3Pz4tf,7,4,0.5714285714285714,1564.525,223.50357142857143,233.994,11,1.5714285714285714,0.5880033194006675,0.769746086240757,Mixed,0.268452086096419,-0.24289539940332744,327.0
RfqltnzvVFbwTVMuEA0E,6,4,0.6666666666666666,660.336,110.056,81.571,9,1.5,0.6865791755319052,0.8218988823031318,Mixed,0.545177000799593,-0.2497755629729505,328.0
33uj0l3QnUcIXzdmGNCv,18,11,0.6111111111111112,2136.815,118.71194444444444,76.01050000000001,22,1.2222222222222223,0.6181698494519849,0.7361010383901919,Mixed,0.5054251303926639,-0.2648468388937634,329.0
wZ8enl1VRog57lzNQhAQ,4,3,0.75,2328.939,582.23475,619.982,10,2.5,0.7819617783857095,4.353052376846948,Public Train Only,0.10305121774335868,-0.2662643782102735,330.0
ia6ltGf1gvkirgHuiYtQ,5,3,0.6,2379.953,475.9906,441.188,12,2.4,0.6262607922974364,0.6257652892874718,Mixed,0.1260529094482118,-0.2733975232384316,331.0
7O88m5U1gsDiVSbRDNhk,9,6,0.6666666666666666,2985.857,331.7618888888889,335.236,12,1.3333333333333333,0.6823590186551359,0.5138297764519092,Mixed,0.18085259943795032,-0.29295484810988065,332.0
otAV7UexnoE8uqJjRRVA,9,6,0.6666666666666666,1325.1689999999999,147.24099999999999,121.278,11,1.2222222222222223,0.6828112528761755,0.4659299334120972,Mixed,0.4074951949524929,-0.30140244169013625,333.0
Ldwc5OtfUVheeB93YdFd,4,2,0.5,1306.9660000000001,326.74150000000003,333.15950000000004,4,1.0,0.5375992050728624,0.6453846833329641,Public Train Only,0.1836314028061939,-0.3116710274371875,334.0
KFGSMrPEPLqRuA3jYmQu,14,10,0.7142857142857143,2875.939,205.42421428571427,142.968,26,1.8571428571428572,0.7252024319668899,0.5989444477077178,Mixed,0.29207851765979737,-0.31624800729212266,335.0
jM9XUq2K02R6bbNIOAWS,6,4,0.6666666666666666,2752.785,458.79749999999996,445.91700000000003,13,2.1666666666666665,0.6934037181534305,0.35626134143484417,Mixed,0.13077664982917303,-0.33132576628232874,336.0
YulptI5G0kOMC94YcLvs,4,3,0.75,964.497,241.12425,173.638,8,2.0,0.790131410088933,0.5758570287769497,Public Train Only,0.24883436651435933,-0.33165258201700326,337.0
rm82DFYVDWboM75gCDes,13,8,0.6153846153846154,3029.023,233.00176923076924,125.503,34,2.6153846153846154,0.6280768483558489,0.45992929385737175,Mixed,0.25750877428134417,-0.34044349735490537,338.0
4LRcHP6VbjWOYiQTODKu,4,3,0.75,942.702,235.6755,136.68,8,2.0,0.7912868571305306,0.33362806278369006,Mixed,0.2545873457359802,-0.3411544477199349,339.0
GO2PSOl44R7QIrGSUR27,8,5,0.625,2105.343,263.167875,298.0015,22,2.75,0.6463722680903259,0.5051010421418878,Mixed,0.22799135342792123,-0.3527891859147727,340.0
4v72DiFBoTk5vBF96HeJ,11,6,0.5454545454545454,2278.726,207.1569090909091,69.451,8,0.7272727272727273,0.5612624659051421,0.4446471858423971,Mixed,0.28963552441144746,-0.3585738163640047,341.0
3iobY0LSJeT8Ya77XYC1,6,5,0.8333333333333334,1056.7089999999998,176.11816666666664,193.8785,5,0.8333333333333334,0.8626615099520483,0.9218487452855686,Mixed,0.34068035760081544,-0.36275278630315944,342.0
XOmJtgxafsWms1r4lghb,3,2,0.6666666666666666,1222.731,407.577,259.498,16,5.333333333333333,0.7261177416937107,0.3674791030636266,Public Train Only,0.14721144716213133,-0.36753440538584,343.0
R0xkvQVOUVCQa7zn0yqI,9,6,0.6666666666666666,1073.334,119.25933333333334,117.661,13,1.4444444444444444,0.6870789496419375,0.40639297542815694,Mixed,0.5031052775743617,-0.37825791671176867,344.0
cekAveUJoSu8SWMpYheL,8,6,0.75,2556.631,319.578875,317.8665,6,0.75,0.7730618428694886,0.5766830206625393,Mixed,0.18774707808831234,-0.3795019953420763,345.0
6aAw9Pkk1a7pgHKzjBqt,2,1,0.5,124.203,62.1015,62.1015,1,0.5,0.5937992551172996,0.20372698111998921,Public Train Only,0.9661602376754184,-0.38599657295237244,346.0
fIU2VErvstBcQC2rRz3N,15,11,0.7333333333333333,2005.919,133.72793333333334,68.935,15,1.0,0.7459694343044115,0.6296108872443883,Mixed,0.4486721547579937,-0.3894995546503053,347.0
2lNrWdiUkOKDbCTDiktS,7,3,0.42857142857142855,3062.8630000000003,437.55185714285716,284.251,10,1.4285714285714286,0.4560179271201831,0.6680995807514751,Public Eval Only,0.137126603442596,-0.39495186245892466,348.0
yHpmPisE2KHwewI4GoeX,11,8,0.7272727272727273,4173.527,379.41154545454543,377.403,26,2.3636363636363638,0.7448107298529496,0.596868708313271,Mixed,0.15813962626814201,-0.3962960419141317,349.0
fXthau2nKeqT5VMUYpPc,12,8,0.6666666666666666,2628.955,219.07958333333332,112.561,12,1.0,0.6828094380724138,0.7199814372658024,Public Train Only,0.27387307884691825,-0.3980291554319199,350.0
QUOeMTbEPGyl8M9Bjacn,9,5,0.5555555555555556,2739.087,304.343,183.214,8,0.8888888888888888,0.5771549329253283,2.3238744505418607,Mixed,0.1971459833148783,-0.39941478615121256,351.0
CMW7lxZTBBRBOpKyL51v,2,1,0.5,642.131,321.0655,321.0655,6,3.0,0.5978984481000343,0.2126496385630543,Mixed,0.1868777554735716,-0.4024945622746878,352.0
Smr5g7jfmNNRvj6h6eVB,6,4,0.6666666666666666,756.756,126.12599999999999,114.929,6,1.0,0.7000979761601783,0.6579341938882731,Mixed,0.4757147614290472,-0.4120240840470909,353.0
imExxpwH1nkqYUdc9Peg,2,1,0.5,1252.551,626.2755,626.2755,4,2.0,0.600913895442923,0.32211006858395774,Public Eval Only,0.09580448221270033,-0.414358401184123,354.0
P21vGU2i8eymJP1p26bG,15,11,0.7333333333333333,3203.048,213.53653333333332,183.746,33,2.2,0.7471688652807092,0.6457364141021716,Mixed,0.28098236429800616,-0.42543311998741773,355.0
Pwessl48US2Y0JPywjKD,9,6,0.6666666666666666,2075.187,230.5763333333333,136.726,10,1.1111111111111112,0.6901970694410889,0.46279243552873134,Mixed,0.26021751292775064,-0.4343860080782636,356.0
YfZPjzM6ulOOjclxQv3T,9,4,0.4444444444444444,4004.2509999999997,444.9167777777777,292.528,15,1.6666666666666667,0.46825589553218716,0.5809978837950572,Public Eval Only,0.13485668106220114,-0.4394453077983259,357.0
10xIlWbdzytFj7qqJpHo,4,3,0.75,448.602,112.1505,86.8315,3,0.75,0.8040688403239208,0.5226937656626606,Mixed,0.5349953856647987,-0.44333684192097417,358.0
R2zCWDvbqOcvcYIJ4sS7,6,4,0.6666666666666666,1018.057,169.67616666666666,189.1005,16,2.6666666666666665,0.7028469597781865,0.5400931141959863,Mixed,0.353614777954476,-0.44506522604175874,359.0
YHWoIKTv5JEN8C8DS5ss,10,7,0.7,3118.422,311.8422,219.5185,22,2.2,0.7226167147229756,0.6766664541162257,Mixed,0.19240500483898587,-0.46288028237457657,360.0
R4Sr6VY5zBJvgQkCltf2,6,4,0.6666666666666666,1190.3890000000001,198.3981666666667,171.448,6,1.0,0.7050048621297922,0.6119485031047069,Mixed,0.30242214939822193,-0.47058167051772226,361.0
dv16Te7ufmKq3Z74XraS,3,2,0.6666666666666666,604.216,201.40533333333335,174.14,11,3.6666666666666665,0.7450282506740221,0.5203548008508033,Mixed,0.2979067088590835,-0.4810772041458998,362.0
GDbswdx8aWvgfbC7VPgf,8,5,0.625,1703.105,212.888125,119.384,14,1.75,0.6545040079652842,0.6452927608239305,Mixed,0.28183817204458916,-0.4824291744307903,363.0
jvPKnh3l7sbWNj3jmZfs,8,4,0.5,1660.495,207.561875,215.32299999999998,6,0.75,0.530111409584519,0.6043723470858808,Mixed,0.2890704277941217,-0.4926225687856172,364.0
0R3EqUtNVk3zYSMBQ997,7,4,0.5714285714285714,1242.4270000000001,177.48957142857145,139.069,4,0.5714285714285714,0.6060120106170505,0.6142571353369377,Mixed,0.3380480301860793,-0.4949145937206791,365.0
ee3G9Nd7fUVAHFbvyZyW,2,1,0.5,257.924,128.962,128.962,2,1.0,0.6234023268555641,0.2737294453903589,Mixed,0.46525333043842376,-0.5043598628281918,366.0
6Ve64e2aCvmbOc51jPPJ,13,9,0.6923076923076923,3083.818,237.21676923076924,191.938,27,2.076923076923077,0.7114267162966844,0.4907201937722853,Mixed,0.25293321460605,-0.5074639228556832,367.0
pfNX1R6HBC2sUx5RtnPW,3,2,0.6666666666666666,631.9060000000001,210.63533333333336,198.653,2,0.6666666666666666,0.7517924631883385,0.4091674959104897,Mixed,0.2848524938835839,-0.5216330643233092,368.0
3gqsGY4v4a3AzxzIXj8t,2,1,0.5,631.234,315.617,315.617,1,0.5,0.6301013306859993,0.29162011605158666,Mixed,0.19010382837426373,-0.5313523831447085,369.0
5yfRfFx4GIjAvBihcLcv,10,6,0.6,2021.149,202.11489999999998,145.4315,7,0.7,0.6261024248549794,0.8455251358304455,Mixed,0.2968608449946045,-0.5328178413680512,370.0
LW8OAGg6bEHPtwHpU0zn,5,3,0.6,1402.0720000000001,280.4144,312.852,9,1.8,0.6533434943025618,0.9226485748064921,Mixed,0.21396904010635687,-0.5442986686854318,371.0
aUawbI5Z2gKJPFtH2HIa,17,10,0.5882352941176471,3285.359,193.2564117647059,173.291,31,1.8235294117647058,0.6040865205950837,0.6592869271062463,Mixed,0.31046835368676606,-0.5495061078746731,372.0
nNocHRFpUJfdNQSrlOGJ,4,2,0.5,1034.308,258.577,184.88,4,1.0,0.5679629630384065,0.2995548517721285,Mixed,0.2320391991553773,-0.5545854195743722,373.0
qIyhEKQRBwFv3pB6vgjV,8,3,0.375,2300.81,287.60125,189.072,16,2.0,0.4095532773798567,0.6212838514056167,Mixed,0.20862218088412343,-0.5636512105579266,374.0
4IGKH8wEty5L2dHgWwBd,5,3,0.6,696.5120000000001,139.3024,141.268,11,2.2,0.6569458170819887,0.49304660719378085,Mixed,0.43071763300560506,-0.5802651019917608,375.0
K63HAvikcMgYBuswvJAN,13,8,0.6153846153846154,2305.353,177.33484615384617,146.183,24,1.8461538461538463,0.637389177541364,0.6969700787263654,Public Train Only,0.3383429782770795,-0.58262106632541,376.0
bfmLfBz5gz3zBa66PRfN,14,10,0.7142857142857143,2521.171,180.08364285714285,140.4175,17,1.2142857142857142,0.735616583294551,0.5210299027880664,Mixed,0.3331785110966293,-0.6078488085091793,377.0
mH9YQxEhgpShgDjvn4xc,8,5,0.625,3083.531,385.441375,195.98399999999998,7,0.875,0.6629274383888516,0.6220328036298999,Public Train Only,0.15566569624239224,-0.6173956755857987,378.0
UJ014SPh0wjR2XmL4Q7H,6,4,0.6666666666666666,710.71,118.45166666666667,121.6495,12,2.0,0.7176644347271633,0.543168748619397,Mixed,0.5065357178033234,-0.6226013825835239,379.0
Wt4Y6mJ0KoSeH9s6Iyyv,6,3,0.5,1350.374,225.06233333333333,240.65550000000002,6,1.0,0.5513183677565411,0.7591206386396466,Mixed,0.266592810584327,-0.6266350255899982,380.0
SvZ1YXqwo4kNjpg0YZ3W,11,7,0.6363636363636364,2482.446,225.67690909090908,140.82,27,2.4545454545454546,0.6646091949661966,0.6821633470359216,Mixed,0.2658668103958757,-0.6318920568697707,381.0
beNvozIDBsI3du35rmGJ,4,2,0.5,734.6700000000001,183.66750000000002,196.887,5,1.25,0.5795430126691704,0.4781201502932587,Mixed,0.3266772836783862,-0.6472008079688841,382.0
B67FMHEVLpV7exPfWQR0,15,11,0.7333333333333333,4421.04,294.736,195.672,47,3.1333333333333333,0.7549043014786511,0.5438844224908475,Public Train Only,0.20357201020574345,-0.6576132073174052,383.0
ctJS6kXwA9PKiwqPNMTI,2,1,0.5,885.816,442.908,442.908,4,2.0,0.6631872582770809,0.39396465703296535,Public Train Only,0.13546831396136444,-0.6638940287348253,384.0
2VLd9ZefPSsIt5R1Zjqm,3,2,0.6666666666666666,1819.6599999999999,606.5533333333333,672.386,16,5.333333333333333,0.7768320619510533,0.8612402264929852,Public Train Only,0.0989195783827748,-0.6717055380158192,385.0
fMKXlfvvQmOczuIMdrv3,14,8,0.5714285714285714,3334.446,238.1747142857143,196.098,15,1.0714285714285714,0.5951009698198677,0.7648866833762583,Mixed,0.2519159104690854,-0.6732496359420853,386.0
NWHxYETRdQZcCqOk7GRu,3,2,0.6666666666666666,217.526,72.50866666666667,50.831,2,0.6666666666666666,0.777344282576533,1.1273544985832238,Mixed,0.8274872888758125,-0.6750265695505163,387.0
PYcHuDHnpuwKxXu0TZow,12,7,0.5833333333333334,1793.64,149.47,159.1495,10,0.8333333333333334,0.6114298593462554,0.614113624953462,Mixed,0.4014183448183582,-0.6849220483351695,388.0
crkL2CNVdtnqXFXE9oag,11,7,0.6363636363636364,2323.727,211.24790909090908,138.741,22,2.0,0.6674586736090745,0.3710730203611913,Mixed,0.28402647987478735,-0.6945285642978094,389.0
nci4Vf2yv3L3z3fFspes,3,1,0.3333333333333333,1521.766,507.25533333333334,419.854,9,3.0,0.4491973326300618,0.3312942982374105,Public Eval Only,0.11828362573483701,-0.7059160221144858,390.0
FBVs54BR83KUIHr9A3V2,4,2,0.5,1630.601,407.65025,447.78700000000003,13,3.25,0.5869990037158257,0.47273254107385576,Public Train Only,0.14718499498037838,-0.7066586139219155,391.0
L1KlQFsPV12VZmTx5dYZ,11,4,0.36363636363636365,2894.8140000000003,263.16490909090913,165.76,7,0.6363636363636364,0.39537478132785436,0.8927071276375443,Mixed,0.22799392292561801,-0.7089305042739288,392.0
ASJoNXuOY5PRaY5K2059,6,3,0.5,2461.747,410.29116666666664,331.60900000000004,11,1.8333333333333333,0.5597124337012996,0.5345374677725708,Mixed,0.14623761093239881,-0.7271137158231458,393.0
ApZLYhLgOdoBQgFeHHmD,11,5,0.45454545454545453,1235.309,112.30081818181817,55.544,9,0.8181818181818182,0.4880137794568596,0.6382291733653237,Mixed,0.534279277492514,-0.7469012398200635,394.0
RZKq3swaqttCtGqXYUrd,9,4,0.4444444444444444,1780.934,197.88155555555556,183.505,15,1.6666666666666667,0.48563815530024723,0.8066244200411565,Public Eval Only,0.30321168555376,-0.752201835546172,395.0
mJHe0NLvSpOr7oFrYVYf,19,12,0.631578947368421,2955.16,155.53473684210525,116.214,51,2.6842105263157894,0.6513174191205146,0.4634246210329125,Mixed,0.3857659145359304,-0.7605107803786533,396.0
XzMujTlduRWFpFWPSYIv,15,7,0.4666666666666667,3604.4139999999998,240.29426666666666,160.97199999999998,12,0.8,0.49168300999236136,0.6899638224170643,Public Eval Only,0.2496938475990827,-0.7612950026682546,397.0
BTdFxjueL3onQJS9qx8T,2,1,0.5,1078.045,539.0225,539.0225,4,2.0,0.6887466734202976,0.49376512392984684,Mixed,0.11131260754421196,-0.7659436713879877,398.0
3SiQDUhkXP4GHl6gkowA,1,0,0.0,140.813,140.813,140.813,2,2.0,0.38449125759334646,0.6246722931829962,Public Eval Only,0.42609702229197594,-0.7795889925909069,399.0
2G9Ewdwt9fY0Ab7kWvgP,1,0,0.0,645.851,645.851,645.851,1,1.0,0.3844818688591347,0.6246475114331662,Public Eval Only,0.09290068452321046,-0.7796286649786205,400.0
mHOsjK7R8eIfYwsvDsWR,3,1,0.3333333333333333,2414.569,804.8563333333333,1164.593,5,1.6666666666666667,0.46739093358036526,0.26011550442758863,Mixed,0.07454746582102231,-0.8153490996300626,401.0
hePM13Wi9TbVapIecNe9,10,4,0.4,2505.8720000000003,250.58720000000002,165.72949999999997,10,1.0,0.44046344975916013,0.8182721078868754,Public Eval Only,0.23943760894411203,-0.8200598659330973,402.0
2jm5Fgu7WrTq2bX9FFxr,12,6,0.5,2381.1730000000002,198.43108333333336,129.6655,12,1.0,0.5342479945319231,0.8445231011312981,Mixed,0.3023719822121282,-0.8326577703742222,403.0
DqC3ApPtvhn8hRc1idOA,8,4,0.5,1477.749,184.718625,177.8945,11,1.375,0.5516575686286466,0.6202771263887175,Mixed,0.3248183554852685,-0.8371788870232051,404.0
aRNouV07NQ0jZfUOynzY,3,1,0.3333333333333333,1134.527,378.1756666666667,278.436,7,2.3333333333333335,0.471161753223224,0.2660806970521867,Mixed,0.1586564268633536,-0.8378177292316781,405.0
ir15bk9Ej87YyIR4PiXf,4,2,0.5,1056.208,264.052,121.7635,2,0.5,0.6038442697703048,0.8341289765167351,Mixed,0.2272279702482844,-0.8415973523746674,406.0
2Pzz7WQepVETGjAbW5FV,8,4,0.5,1681.922,210.24025,170.941,9,1.125,0.5520800984932765,0.5151688492131117,Public Train Only,0.2853877884943535,-0.8438796029244278,407.0
vpY99SiEILvtGGn7iYT6,7,3,0.42857142857142855,1004.2750000000001,143.46785714285716,95.726,8,1.1428571428571428,0.49012353728334945,0.34604642967921334,Mixed,0.4182121430882975,-0.8724394188996598,408.0
7zYLIukQ2gDz6NH0dZto,13,6,0.46153846153846156,2778.86,213.75846153846155,148.277,13,1.0,0.49500400677857476,0.5902203084562939,Mixed,0.2806906429255162,-0.8806778792392443,409.0
hlVlJOwGlGtF5iTAEegP,2,0,0.0,1088.921,544.4605,544.4605,2,1.0,0.22407383676440762,0.2921630898329731,Public Eval Only,0.11020083183261227,-0.9072175398706283,410.0
2phm6okTmeVADsyz5UvN,5,2,0.4,1589.138,317.82759999999996,182.806,5,1.0,0.489691193453898,1.0102594923687682,Mixed,0.1887815910260783,-0.9078042777295579,411.0
0NKNBmpsp37W1tIUFQ3E,5,2,0.4,2753.136,550.6272,532.975,8,1.6,0.4899158111039962,0.6705569142511203,Public Eval Only,0.10896664748853671,-0.9098351657863004,412.0
vzTiM76GMQheyspLE4Tb,2,0,0.0,529.951,264.9755,264.9755,3,1.5,0.22773889046452966,0.2972920846362522,Public Eval Only,0.22643602899135956,-0.9219640859383453,413.0
z9kKfQb5kKS01J6Qinsp,11,7,0.6363636363636364,2570.5409999999997,233.68554545454543,273.433,23,2.090909090909091,0.6782856527467015,0.6950819884046984,Mixed,0.25675529003427683,-0.9329654685982948,414.0
udflNaNopeki13Oi4BoM,16,9,0.5625,3746.193,234.1370625,166.8345,26,1.625,0.5914603494621621,0.46159196624237975,Mixed,0.25626015530967033,-0.9371194661470994,415.0
d41coKDUaQ5D5JnuDZLv,6,3,0.5,3074.793,512.4655,335.19449999999995,10,1.6666666666666667,0.5772600441182464,0.3235212504197729,Mixed,0.11708105228547093,-0.9376234166821827,416.0
sUsKXPqgrKKkEmjXaTxq,14,8,0.5714285714285714,3127.737,223.40978571428573,193.267,22,1.5714285714285714,0.6045468439787046,0.6364738221791585,Mixed,0.26856478022288954,-0.9377579004471456,417.0
Mnp4gQNzZhSxQ0JKVVq0,9,4,0.4444444444444444,869.153,96.57255555555555,56.587,6,0.6666666666666666,0.49608040123502295,0.6653122537480809,Mixed,0.6212945246694195,-0.9402443432665504,418.0
9nA39NI4qviycoUjeaMS,5,2,0.4,1375.894,275.1788,293.772,7,1.4,0.49398902406771794,1.109918767942311,Mixed,0.21804005250404465,-0.9507761433885399,419.0
4JDXNwhI54ty2sY9AF5U,15,8,0.5333333333333333,3013.243,200.88286666666667,120.506,20,1.3333333333333333,0.5647809607708179,1.1413725580017897,Mixed,0.29868152020928945,-0.954204623369666,420.0
YknfTnYQ3WQqWMDERoKc,6,3,0.5,919.938,153.323,113.789,5,0.8333333333333334,0.5798349568452038,0.42385105556315855,Mixed,0.3913307201137468,-0.9688652442443706,421.0
Sv43EoWxGHAmLOhyh49m,9,5,0.5555555555555556,2713.122,301.45799999999997,239.24,9,1.0,0.6088359294410464,0.34166106042595207,Mixed,0.19903270107278626,-0.969544211162665,422.0
d2Jk0D1tFKWQAbAYWJBI,7,3,0.42857142857142855,2979.115,425.5878571428571,468.694,14,2.0,0.49773871182448665,0.7183990471829738,Mixed,0.140981465972277,-0.9792008194176323,423.0
qOt5kVgAhnOwa4D8ICbN,4,2,0.5,609.654,152.4135,116.81550000000001,9,2.25,0.623165645113706,0.8475021502048222,Mixed,0.3936659154208781,-0.9961128459209253,424.0
3rnRP9ef5co6j3KAFZMO,3,0,0.0,1801.349,600.4496666666666,605.962,5,1.6666666666666667,0.16651026616153256,0.20007924903606444,Public Eval Only,0.09992511168019079,-1.0099517446244695,425.0
2vdPKagGyg3WY7W36sv1,15,8,0.5333333333333333,2204.456,146.96373333333335,115.656,32,2.1333333333333333,0.5668759677989568,0.4291865607943453,Mixed,0.4082639889387676,-1.0167468161319184,426.0
S13gx4vkEvPJO7mjrRXR,5,3,0.6,3731.085,746.217,650.672,7,1.4,0.701956073730351,0.5956834351577396,Mixed,0.08040556567325591,-1.0301049178466841,427.0
HY4hYGIpJxMDhwzObDAJ,8,4,0.5,1442.634,180.32925,210.33700000000002,14,1.75,0.5647116781642169,0.9022489962475788,Mixed,0.33272472435836115,-1.0461985399533558,428.0
jJ8QXxGLjagvxqqC5TM8,8,3,0.375,976.6940000000001,122.08675000000001,93.2225,4,0.5,0.44008857924971684,0.45669443006078436,Mixed,0.49145382279403776,-1.0521011670153022,429.0
WNAyeokxFD2GrgQLK8wk,16,9,0.5625,3866.656,241.666,212.7645,25,1.5625,0.59519640391022,0.6863235845701636,Mixed,0.24827654696978477,-1.0570239526055947,430.0
sdie85hkXnCMUNLr0Y3L,4,1,0.25,212.837,53.20925,49.872,1,0.25,0.3809948689160493,0.2522200469491037,Mixed,1.1276234865178518,-1.058862995868028,431.0
ZVb40lUsj7mlhqmm1cFB,10,6,0.6,1587.001,158.7001,113.1645,7,0.7,0.6530588864678588,0.595096370942125,Mixed,0.3780715954180243,-1.0716460556249237,432.0
8N1ux1K1aTpy1U1TKYpS,6,2,0.3333333333333333,1197.788,199.63133333333334,197.505,5,0.8333333333333334,0.42181634715568944,0.596397527570657,Mixed,0.3005540212458298,-1.072572351035833,433.0
HrrUGabwC3dk1y0e8gVl,18,9,0.5,2785.335,154.74083333333334,93.88550000000001,41,2.2777777777777777,0.5296039797056333,0.6699771968787086,Mixed,0.38774510067909246,-1.0760974503158698,434.0
dUvHVVFrySoWGgcfZuCp,5,1,0.2,2363.999,472.79979999999995,455.835,8,1.6,0.30833635282999594,1.0894009405912315,Public Eval Only,0.12690360698122125,-1.0942188408324394,435.0
2fvJbNo5C93hZBpDjLpF,3,1,0.3333333333333333,2810.702,936.9006666666668,1088.088,8,2.6666666666666665,0.5153670615712057,0.4579204570491859,Mixed,0.06404094066179906,-1.1028900875256826,436.0
uTo24TVu4zDiIMQUKpmf,8,3,0.375,1519.808,189.976,170.5515,10,1.25,0.44344665442433906,0.7745961248040792,Mixed,0.31582936792015837,-1.1065586332518755,437.0
Z8rqVppKE0VLqBglNYSJ,11,4,0.36363636363636365,2595.78,235.98000000000002,160.501,17,1.5454545454545454,0.41361412649522555,0.6373390983594075,Mixed,0.25425883549453343,-1.110418936231527,438.0
wb9IKxjQK9OsB6R9MpLE,11,4,0.36363636363636365,3053.7870000000003,277.617,282.306,13,1.1818181818181819,0.41376315246125306,0.45658259711315363,Public Eval Only,0.21612509320394643,-1.1135067962111376,439.0
LhyFO8ikbipkZQvTaNUL,8,4,0.5,1504.459,188.057375,82.225,17,2.125,0.5690751886201262,0.4185815348734061,Mixed,0.31905156604467116,-1.1159455554600703,440.0
3Wu9YgRgf1ZRS30ro51M,2,1,0.5,837.4010000000001,418.70050000000003,418.70050000000003,1,0.5,0.78063603625385,1.1823864813199285,Public Train Only,0.14330052149448114,-1.1333819590536236,441.0
XyKLS3q11DS7vIK4ElE9,13,5,0.38461538461538464,2964.029,228.00223076923078,136.24200000000002,19,1.4615384615384615,0.4278661713664306,0.8652176732430182,Public Eval Only,0.2631553200053036,-1.135214457721783,442.0
1Ijb4Ez0uaFeDF3nVzgJ,4,1,0.25,1247.637,311.90925,162.3075,6,1.5,0.39266092596518726,0.2726202791569418,Mixed,0.19236364423305818,-1.1521275277480185,443.0
5EuWrfgJtWTY5Ms6eipw,11,4,0.36363636363636365,1870.618,170.0561818181818,125.054,10,0.9090909090909091,0.41632011922282214,0.7036245752772491,Mixed,0.3528245745523672,-1.169818215684506,444.0
DSAN159JJd0BZtNsQ45U,11,5,0.45454545454545453,2855.172,259.5610909090909,235.022,16,1.4545454545454546,0.5081716890099961,0.5354304689232141,Mixed,0.23115945379122518,-1.1905070077792452,445.0
wo6hmObwvVX2FgCFkdI0,3,1,0.3333333333333333,856.5160000000001,285.50533333333334,266.935,1,0.3333333333333333,0.5320105519186624,0.48839252021316787,Mixed,0.21015369240037543,-1.2029294454683803,446.0
iaFf2JQm8NoVSayE0K8l,4,2,0.5,594.426,148.6065,88.71549999999999,3,0.75,0.6563261580870818,0.553920052586597,Mixed,0.4037508453533324,-1.261229143680661,447.0
IzRw8MVNsmX3CWVTV8R8,2,0,0.0,352.211,176.1055,176.1055,4,2.0,0.3229205903296031,0.5321678543463422,Public Eval Only,0.34070486157445395,-1.3026192256824307,448.0
ar8mPHKya7W0TZVBNgAp,9,4,0.4444444444444444,2081.657,231.29522222222224,163.253,17,1.8888888888888888,0.5179184296555475,0.45582000407043805,Mixed,0.25940873064102293,-1.3329993829431013,449.0
5lWv8K9zfD8uSDaXgPvu,8,3,0.375,1044.78,130.5975,81.298,8,1.0,0.45853103953792024,0.36403354354102724,Mixed,0.45942686498593005,-1.3472807565334066,450.0
GDRCNgGlxFjI4vPYBWXg,13,6,0.46153846153846156,2895.144,222.7033846153846,213.118,20,1.5384615384615385,0.5133662723347016,0.8562714049968239,Mixed,0.26941665077799243,-1.3580265518927033,451.0
F3x8gEHNFZGVFLV3jaY2,8,3,0.375,1370.935,171.366875,157.666,10,1.25,0.4613703230423513,0.49406846464768417,Mixed,0.3501260088917418,-1.3927029826575132,452.0
RTI7cskEM4DXM408Kouv,12,5,0.4166666666666667,3455.256,287.938,215.773,32,2.6666666666666665,0.4745730908601667,0.4839196386019861,Mixed,0.20837819252755804,-1.4004397627390504,453.0
TiQTxzDXE7SSkn9VWLXA,6,3,0.5,1330.2869999999998,221.71449999999996,149.724,13,2.1666666666666665,0.6170985734837862,0.6334353981896365,Mixed,0.27061829514984365,-1.4151199681501303,454.0
l66df0tpuaP1ARYBmR0d,10,4,0.4,2293.023,229.3023,109.795,12,1.2,0.4703026433235592,0.5611000156191728,Mixed,0.2616633151957045,-1.4164997385080123,455.0
Zc8EckoJzTL1jJ96Dt38,14,6,0.42857142857142855,2347.837,167.70264285714285,144.903,27,1.9285714285714286,0.47894444257923563,0.557328479528569,Mixed,0.3577761147813924,-1.4207349771087416,456.0
9Lvqjde0cXivV0vXbRs1,6,2,0.3333333333333333,4418.844,736.474,637.094,7,1.1666666666666667,0.452028047602053,1.3983351866849274,Mixed,0.08146927114874387,-1.4349024247724562,457.0
UmFlFTKfzFsDSS71lQhn,4,0,0.0,978.4680000000001,244.61700000000002,274.1985,9,2.25,0.18142433622091858,0.22702779296143288,Public Eval Only,0.24528139908510038,-1.4623774169299246,458.0
7mSN3pXTCv0owdVbIyqz,8,3,0.375,1226.254,153.28175,136.826,6,0.75,0.4658294138315655,0.6440223089417974,Mixed,0.3914360320129435,-1.4639136438472082,459.0
Dhl0iqu5jbkwyOZ4mhTM,8,3,0.375,2160.572,270.0715,174.082,22,2.75,0.4689476555682019,1.496272830283848,Public Train Only,0.22216339006522345,-1.5137622758350389,460.0
MC0a143771yA563Ennh6,4,1,0.25,1912.2250000000001,478.05625000000003,507.9315,1,0.25,0.4412823288818183,0.435806472360965,Mixed,0.12550824301533553,-1.5411909684660794,461.0
kcbqM9b3CR4dfMdzxWgU,9,3,0.3333333333333333,2599.204,288.80044444444445,224.131,26,2.888888888888889,0.42009495925227425,0.6608390226382146,Public Eval Only,0.20775591296412285,-1.5723273023186175,462.0
GKrYUNd3eUgHtRfGKUkF,1,0,0.0,911.363,911.363,911.363,2,2.0,0.8067696667276067,4.175170911651425,Public Train Only,0.06583545744121716,-1.6231896724935662,463.0
6EJxesyEVZS15xvfUEID,1,0,0.0,189.299,189.299,189.299,1,1.0,0.8067065097103397,4.1734799682154256,Public Train Only,0.31695888514994797,-1.623594754340551,464.0
kddXewWQtX8lU0FX2UX3,1,0,0.0,883.611,883.611,883.611,3,3.0,0.8066891167601347,4.173014489614499,Public Train Only,0.06790318364076499,-1.6237062930479107,465.0
LlKPALlUA3ES38FYBnHo,1,0,0.0,848.126,848.126,848.126,6,6.0,0.8066649227603053,4.172367137289894,Public Train Only,0.07074420546003778,-1.6238614333050847,466.0
3wVnUUKSAW0w2QEQMHmU,1,0,0.0,934.83,934.83,934.83,0,0.0,0.8066430619038664,4.171782351574153,Public Train Only,0.06418279259330573,-1.624001599949385,467.0
hvPBypJk6D0qzoH6fmSk,1,0,0.0,929.422,929.422,929.422,10,10.0,0.806640460386209,4.171712768852066,Public Train Only,0.06455625108938674,-1.6240182794634452,468.0
O6C3r0sNxEO7y2OcCyJE,1,0,0.0,111.592,111.592,111.592,3,3.0,0.8066125778962253,4.170967114207585,Public Train Only,0.537672951466055,-1.624197036087676,469.0
L11Joi4qb5mOmJ20YsyJ,9,3,0.3333333333333333,3672.347,408.0385555555556,347.23900000000003,82,9.11111111111111,0.42331474250068346,0.48476385468538896,Mixed,0.14704492794390073,-1.6301338171843098,470.0
YxJs1GKJyoMGr45o2xJH,8,3,0.375,3421.542,427.69275,319.4255,9,1.125,0.4798460675161023,1.1548762227537281,Mixed,0.14028762470254638,-1.6880737822510226,471.0
kdpqPmNWdNw2sSyL35Oy,5,0,0.0,887.105,177.421,171.84400000000002,3,0.6,0.1699988750354541,0.20666211371411256,Public Eval Only,0.3381786823431273,-1.7108879126848855,472.0
gCHcUWDsDzg8kBNhyTC2,4,1,0.25,1035.263,258.81575,256.4835,5,1.25,0.4631713267668119,0.5272014113201904,Mixed,0.23182514974455767,-1.7161969213105384,473.0
ooDKoQqs1MFkgDdKPz1O,5,1,0.2,2110.419,422.0838,387.363,20,4.0,0.37193161971304256,0.3500235362937273,Public Train Only,0.14215186652508344,-1.7299972730835789,474.0
uIL8c37dWW85IY9jXBdK,7,2,0.2857142857142857,304.889,43.55557142857143,6.474,27,3.857142857142857,0.409398884902506,0.6704742709799396,Mixed,1.3775505183853796,-1.742319787325114,475.0
YpQLppL0eGacReuAk9vm,7,2,0.2857142857142857,1210.768,172.96685714285715,115.964,7,1.0,0.4096667437267798,0.46512035922134565,Mixed,0.34688726494258193,-1.7461402333416842,476.0
C7WmGFXVRxNclsNZL5MG,22,9,0.4090909090909091,3376.795,153.49068181818183,100.235,20,0.9090909090909091,0.45055238430082517,0.5743501020353571,Mixed,0.3909032085157672,-1.8347413633404468,477.0
qDnq72Fm1jkaQgLqr5Oq,10,4,0.4,4171.904,417.19040000000007,385.966,19,1.9,0.49369505675794034,0.8802589799576002,Public Train Only,0.1438192249869604,-1.88433265464099,478.0
zArHZWCboMKE6e0WM0Ob,11,4,0.36363636363636365,2295.844,208.7130909090909,118.827,21,1.9090909090909092,0.4490239144865503,0.5477223680537647,Mixed,0.28747597833302263,-1.8888021597824989,479.0
5Y3ajPbnKRnyC6YUT5S4,4,1,0.25,1885.908,471.477,536.76,12,3.0,0.48935943033557194,1.1195608833964998,Public Train Only,0.12725965423551944,-1.9254106273202078,480.0
n5XEpSalLgjLugWLsJu2,10,3,0.3,1492.369,149.2369,93.63550000000001,19,1.9,0.39652420951969414,0.4050834700593956,Mixed,0.4020453386528399,-1.9412642055522433,481.0
TjIC0yBk6mS1Jb4IiKif,8,2,0.25,4194.662,524.33275,482.9715,45,5.625,0.3712842617550912,1.2030029114826035,Mixed,0.11443115082931592,-1.9511299912570605,482.0
Tp6NVS4VcezqkWUH0DRL,5,1,0.2,2732.574,546.5148,259.06,10,2.0,0.3950891898401461,0.43850026139614684,Mixed,0.10978659681311466,-1.9615380281273531,483.0
17EtJacrpkVvwOMXQjz6,2,0,0.0,1103.664,551.832,551.832,7,3.5,0.4881088274965601,1.6334889875919312,Mixed,0.10872874353063976,-1.9632323072999756,484.0
AJcctbcGmFGUsH3AYeHe,2,0,0.0,2154.582,1077.291,1077.291,2,1.0,0.4923672280420844,1.6183747325068472,Mixed,0.0556952578272723,-1.9802817836118505,485.0
14IaISTJBTu1ujC1bl3A,15,4,0.26666666666666666,2337.152,155.81013333333334,111.291,6,0.4,0.3333394668375494,0.37365523229989056,Public Train Only,0.38508406813078483,-2.0107486987712067,486.0
bKNVwZIwO5uVuAAyBnCG,8,2,0.25,1404.787,175.598375,105.09,8,1.0,0.37605023213423305,0.5133753507460189,Mixed,0.34168881118632216,-2.027582415502039,487.0
faY9qnjXZfc6rO18ToBj,7,1,0.14285714285714285,3560.7400000000002,508.6771428571429,577.731,37,5.285714285714286,0.2878590785340525,0.6576651407926376,Public Train Only,0.11795300976763255,-2.040629470495535,488.0
1rAoW2gMtdJDd1M1rjM8,4,1,0.25,183.41,45.8525,28.006,12,3.0,0.5064411499686762,0.6662934639092869,Mixed,1.3085436999073117,-2.062266927645789,489.0
3OsarB8zm5Xs4joMgeMp,13,4,0.3076923076923077,3054.123,234.93253846153846,158.075,48,3.6923076923076925,0.38683783563966967,0.5628474962403028,Public Train Only,0.2553924645471057,-2.067981032806413,490.0
upZFqKFZas3rZbOlwLS1,10,2,0.2,2066.716,206.67159999999998,135.47050000000002,20,2.0,0.30585495266192764,1.1572170775001314,Mixed,0.29031565052963254,-2.127758780976721,491.0
Tzaa6AvViywQPdDekxqj,14,4,0.2857142857142857,1929.1950000000002,137.79964285714286,85.0655,26,1.8571428571428572,0.3648873282488912,0.6330549879260788,Public Train Only,0.4354147714461213,-2.226908255216603,492.0
fUCOZPuBqC9cr8telrZr,19,5,0.2631578947368421,3227.976,169.89347368421053,72.313,40,2.1052631578947367,0.32188453315804894,0.6929976694913527,Mixed,0.353162477044439,-2.2418989543590935,493.0
rtCixFrAV3oxpSPWmeC3,8,1,0.125,1521.642,190.20525,169.908,18,2.25,0.2651881406824393,1.2356001552367637,Mixed,0.3154487060688388,-2.2536294541364206,494.0
GwB5zLUSdr5ufH5aU1p6,10,2,0.2,1966.788,196.6788,168.24149999999997,17,1.7,0.313954562717165,0.43269507917869704,Mixed,0.30506592474633765,-2.289596366525013,495.0
p1W2PWuAs9reGHFkt2pw,14,3,0.21428571428571427,2996.496,214.03542857142858,123.727,16,1.1428571428571428,0.29783531094044996,0.6628874794953921,Mixed,0.2803274224293975,-2.3500811591084405,496.0
iKlpjlBNPlUFAMQlQNyS,3,0,0.0,1483.433,494.47766666666666,389.211,20,6.666666666666667,0.40201855270604375,0.8922727649590351,Public Train Only,0.12134016163857754,-2.422812206442635,497.0
t8yjQt8qXIIhKLs1X0I3,6,1,0.16666666666666666,3460.148,576.6913333333333,600.547,12,2.0,0.38089224158743656,0.6588710424180032,Public Train Only,0.10404179243200001,-2.581303067604614,498.0
NWUEbLEjlOABOOqdVfo3,6,0,0.0,1813.96,302.32666666666665,263.9855,8,1.3333333333333333,0.21837765017275135,0.3978187134064059,Public Train Only,0.19846082603806037,-2.6311630492598423,499.0
rYtGg0WvhUYM5VOFi5M5,16,3,0.1875,3357.615,209.8509375,99.67949999999999,15,0.9375,0.26944147154619824,0.5690145945212854,Public Train Only,0.285917235895122,-2.632505192988302,500.0
Snc3thhr6jugspZJMe46,5,0,0.0,5198.956,1039.7912000000001,1281.33,75,15.0,0.26397582181646884,0.4935088515524372,Mixed,0.057703892858489286,-2.650430877401404,501.0
deftKrJaa1mxOaxqumF4,12,1,0.08333333333333333,379.973,31.664416666666668,18.796999999999997,56,4.666666666666667,0.19509696893080833,0.24291980923971654,Mixed,1.8948714777102584,-2.6929323596974095,502.0
Uqm1GzTNExegXUiOjJAB,8,1,0.125,4041.225,505.153125,470.89200000000005,16,2.0,0.29530496215291624,0.4994831614623513,Public Train Only,0.11877586622868065,-2.735362240074614,503.0
vGwUJqamm5H9Luoc3L1Z,20,4,0.2,1135.395,56.76975,25.4215,11,0.55,0.26812662098256146,0.5859105226030481,Mixed,1.0569009023291454,-2.7354589822637485,504.0
Tufrhm1fSezt6XjKKEhW,16,1,0.0625,1388.016,86.751,24.294500000000003,77,4.8125,0.15807280718701994,0.21860709341476037,Mixed,0.691634678562783,-3.068980536308492,505.0
9oZ1lbYm2iXzBCU3ekQT,9,0,0.0,4424.272,491.58577777777776,297.405,30,3.3333333333333335,0.18214984892918368,0.2556809012772196,Mixed,0.12205397859806089,-3.2891078916978764,506.0
uvkU53SVpd8q6xSIogID,17,1,0.058823529411764705,1786.392,105.08188235294118,98.968,1,0.058823529411764705,0.161882545461997,0.2630669212417652,Mixed,0.5709833004178254,-3.5144391365370824,507.0
Au4TFQq88S2q9S7zUEPw,18,0,0.0,3711.4880000000003,206.1937777777778,121.961,36,2.0,0.10006481132622758,0.12220462428278091,Mixed,0.2909884121947855,-3.612825570550862,508.0
EfLqkfJ96F82I4M3Dz79,16,0,0.0,4884.351,305.2719375,186.231,42,2.625,0.11986325402879475,0.14379052189490127,Mixed,0.1965460713204272,-3.8460913251861375,509.0
